datum,zacetna,najnizja,najvisja,koncna,volumen,kapital
"Aug 16, 2017",0.111725,0.280031,0.103962,0.224399,5232600.0,67034800.0
"Aug 17, 2017",0.223022,0.238935,0.206735,0.206735,2752410.0,133813000.0
"Aug 18, 2017",0.205558,0.35026,0.205558,0.293387,12793800.0,123335000.0
"Aug 19, 2017",0.294578,0.543728,0.284357,0.478768,52677500.0,176747000.0
"Aug 20, 2017",0.471296,0.475262,0.403409,0.424265,16016500.0,282777000.0
"Aug 21, 2017",0.422273,0.44368,0.327742,0.351503,15013800.0,253364000.0
"Aug 22, 2017",0.351547,0.375577,0.315831,0.364505,8045240.0,175773000.0
