datum,zacetna,najnizja,najvisja,koncna,volumen,kapital
2017-7-28,0.051396,0.072588,0.046538,0.070981,3218.0,1206370.0
2017-7-29,0.118703,0.119028,0.050349,0.053165,1263.0,2786210.0
2017-7-30,0.115197,0.115423,0.048316,0.050139,993.0,2703940.0
2017-7-31,0.116163,0.116266,0.042114,0.044745,815.0,2726600.0
2017-8-01,0.044774,0.063435,0.044225,0.062792,1702.0,1050930.0
2017-8-02,0.059725,0.117617,0.058775,0.068217,1173.0,1401880.0
2017-8-03,0.061037,0.064876,0.051899,0.053409,987.0,1432670.0
2017-8-04,0.094083,0.099145,0.037189,0.0422,2239.0,2208340.0
2017-8-05,0.050342,0.070329,0.04692,0.055993,443.0,1181640.0
2017-8-06,0.055273,0.055707,0.043547,0.046687,532.0,1297380.0
2017-8-07,0.086533,0.087296,0.042126,0.048893,947.0,2031110.0
2017-8-08,0.092248,0.098771,0.046733,0.047122,1058.0,2165260.0
2017-8-09,0.042363,0.080863,0.041487,0.073385,669.0,994366.0
2017-8-10,0.067266,0.067509,0.052494,0.052608,749.0,1578870.0
2017-8-11,0.057872,0.07452,0.049186,0.063575,1643.0,1358380.0
2017-8-12,0.055066,0.076311,0.052587,0.075615,1059.0,1292510.0
2017-8-13,0.086898,0.143774,0.050529,0.058956,2317.0,2039680.0
2017-8-14,0.162901,0.164413,0.071912,0.073064,1661.0,3823650.0
2017-8-15,0.063342,0.073224,0.046274,0.072387,3002.0,1486770.0
2017-8-16,0.057413,0.07508,0.043568,0.075038,1563.0,1347620.0
2017-8-17,0.0543,0.061214,0.03814,0.050644,653.0,1274540.0
2017-8-18,0.060907,0.060907,0.040287,0.040685,311.0,1429620.0
2017-8-19,0.042617,0.06882,0.038949,0.050143,1016.0,1000330.0
2017-8-20,0.055437,0.056041,0.041399,0.052534,8542.0,1301220.0
2017-8-21,0.06224,0.063475,0.040626,0.054666,3862.0,1460920.0
2017-8-22,0.0616,0.071,0.057862,0.070954,3274.0,1445890.0
2017-8-23,0.069171,0.089813,0.046092,0.057383,5420.0,1623600.0
2017-8-24,0.05174,0.061562,0.050921,0.05454,9956.0,1214450.0
2017-8-25,0.054525,0.068916,0.03604,0.041194,2182.0,1279820.0
2017-8-26,0.041113,0.117122,0.040173,0.053435,4753.0,965002.0
