datum,zacetna,najnizja,najvisja,koncna,volumen,kapital
2017-8-12,0.134669,0.383644,0.134669,0.383473,7590.0,0.0
2017-8-13,0.353342,0.393562,0.125563,0.125563,13708.0,0.0
2017-8-14,0.130341,0.142247,0.11607,0.126559,6170.0,0.0
2017-8-15,0.126898,0.129705,0.102718,0.119728,526.0,0.0
2017-8-16,0.119859,0.139133,0.104955,0.132147,1120.0,0.0
2017-8-17,0.132027,0.218656,0.129618,0.137272,34297.0,0.0
2017-8-18,0.136944,0.169206,0.126883,0.127822,8799.0,0.0
2017-8-19,0.127728,0.183407,0.126623,0.150969,7629.0,0.0
2017-8-20,0.150269,0.150269,0.125953,0.127247,3204.0,0.0
2017-8-21,0.126486,0.159459,0.12567,0.144498,5016.0,0.0
2017-8-22,0.144833,0.159915,0.134294,0.148423,5271.0,0.0
2017-8-23,0.14812,0.2591,0.147434,0.152795,37544.0,0.0
2017-8-24,0.152862,0.16984,0.146893,0.148892,10217.0,1759210.0
2017-8-25,0.167865,0.635144,0.125884,0.153461,14542.0,1932350.0
2017-8-26,0.153708,0.164466,0.145494,0.152939,11598.0,1782370.0
