datum,zacetna,najnizja,najvisja,koncna,volumen,kapital
"Jul 24, 2017",0.032831,0.035697,0.028859,0.033975,87228.0,19698800.0
"Jul 25, 2017",0.033981,0.035309,0.027831,0.029437,37918.0,20388700.0
"Jul 26, 2017",0.027581,0.029696,0.024414,0.028998,117396.0,16548300.0
"Jul 27, 2017",0.029082,0.030578,0.027552,0.029542,24470.0,17449000.0
"Jul 28, 2017",0.029621,0.031133,0.026798,0.029552,50426.0,17772800.0
"Jul 29, 2017",0.029656,0.029656,0.026068,0.028535,27873.0,17793800.0
"Jul 30, 2017",0.028525,0.028744,0.026169,0.027555,25972.0,17115100.0
"Jul 31, 2017",0.027591,0.028416,0.026426,0.027835,7480.0,16554800.0
"Aug 01, 2017",0.027851,0.03045,0.025533,0.028282,64631.0,16710700.0
"Aug 02, 2017",0.027719,0.028658,0.025669,0.026745,52579.0,16631200.0
"Aug 03, 2017",0.026856,0.028869,0.026661,0.028611,33447.0,16113700.0
"Aug 04, 2017",0.02861,0.028847,0.026683,0.028399,35017.0,17165800.0
"Aug 05, 2017",0.028417,0.03692,0.027478,0.032933,110270.0,17050200.0
"Aug 06, 2017",0.032618,0.036365,0.031408,0.035608,76886.0,19570500.0
"Aug 07, 2017",0.035531,0.039385,0.034029,0.037463,135518.0,21318400.0
"Aug 08, 2017",0.037496,0.040645,0.036725,0.039494,64172.0,22497800.0
"Aug 09, 2017",0.039379,0.045433,0.03844,0.044092,85892.0,23627400.0
"Aug 10, 2017",0.044088,0.044934,0.040852,0.041987,69826.0,26452700.0
"Aug 11, 2017",0.043687,0.082718,0.041204,0.064791,1737850.0,26212400.0
"Aug 12, 2017",0.066715,0.085703,0.051475,0.060207,1541310.0,40029300.0
"Aug 13, 2017",0.059554,0.062725,0.048933,0.053674,355140.0,35732200.0
"Aug 14, 2017",0.053717,0.059474,0.043273,0.045432,296236.0,32230200.0
"Aug 15, 2017",0.04466,0.060511,0.043854,0.058134,266556.0,26796300.0
"Aug 16, 2017",0.058551,0.078482,0.055836,0.078482,825304.0,35130700.0
"Aug 17, 2017",0.078423,0.081104,0.063582,0.06906,814684.0,47053700.0
"Aug 18, 2017",0.069385,0.070363,0.052923,0.055235,487838.0,41631100.0
"Aug 19, 2017",0.055028,0.061558,0.049214,0.055099,181950.0,33017000.0
"Aug 20, 2017",0.054909,0.055811,0.049429,0.053456,128450.0,32945300.0
"Aug 21, 2017",0.053111,0.061112,0.051126,0.058378,217663.0,31866600.0
"Aug 22, 2017",0.05848,0.060983,0.047492,0.054223,171759.0,35087900.0
