datum,zacetna,najnizja,najvisja,koncna,volumen,kapital
2017-8-19,0.012992,0.013394,0.012906,0.013369,86312.0,0.0
2017-8-20,0.013307,0.013954,0.012888,0.013683,116855.0,0.0
2017-8-21,0.013602,0.013965,0.013335,0.013771,103391.0,0.0
2017-8-22,0.013803,0.01947,0.013199,0.017811,129951.0,0.0
2017-8-23,0.017979,0.035048,0.017961,0.028284,132395.0,0.0
2017-8-24,0.028296,0.029563,0.021205,0.021678,164567.0,0.0
2017-8-25,0.021644,0.029634,0.020995,0.022225,123833.0,0.0
2017-8-26,0.022268,0.024297,0.020611,0.020775,52333.0,0.0
