datum,zacetna,najnizja,najvisja,koncna,volumen,kapital
2017-8-12,0.023402,0.023586,0.023402,0.02355,2752.0,0.0
2017-8-13,0.023502,0.068632,0.022821,0.057036,7945.0,0.0
2017-8-14,0.057178,0.059244,0.033623,0.040647,3154.0,0.0
2017-8-15,0.0407,0.040738,0.021406,0.032782,2180.0,203500.0
2017-8-16,0.032874,0.036016,0.024095,0.031648,1467.0,164371.0
2017-8-17,0.031653,0.03737,0.017208,0.03737,6094.0,158264.0
2017-8-18,0.037275,0.087414,0.029976,0.08021,37255.0,186374.0
2017-8-19,0.08021,0.167571,0.08021,0.156885,83581.0,401051.0
2017-8-20,0.157137,0.312038,0.144358,0.28881,100130.0,785685.0
2017-8-21,0.293471,0.670087,0.229097,0.251612,224634.0,1467360.0
2017-8-22,0.251611,0.33806,0.195756,0.308654,72434.0,1258060.0
2017-8-23,0.30728,0.308715,0.11872,0.140757,53379.0,1536400.0
2017-8-24,0.121564,0.164167,0.048159,0.148101,34337.0,607820.0
2017-8-25,0.148078,0.284385,0.11385,0.223804,72863.0,740388.0
2017-8-26,0.224068,0.302914,0.223841,0.295524,83132.0,1120340.0
