datum,zacetna,najnizja,najvisja,koncna,volumen,kapital
2017-7-28,0.349134,0.362732,0.310911,0.342971,154912.0,8119620.0
2017-7-29,0.339435,0.340625,0.306345,0.33164,30608.0,7894070.0
2017-7-30,0.331594,0.346068,0.309139,0.310286,62604.0,7711700.0
2017-7-31,0.310604,0.326917,0.302157,0.314512,77416.0,7223560.0
2017-8-01,0.314664,0.349797,0.294784,0.346679,96004.0,7317980.0
2017-8-02,0.346613,0.41502,0.327308,0.393846,219548.0,8061000.0
2017-8-03,0.399801,0.509039,0.382408,0.402667,566670.0,9294750.0
2017-8-04,0.401906,0.443772,0.395279,0.413779,125082.0,9343670.0
2017-8-05,0.415642,0.45694,0.40762,0.423793,115360.0,9663010.0
2017-8-06,0.423738,0.449702,0.384154,0.390983,236182.0,9851240.0
2017-8-07,0.390433,0.413111,0.375425,0.397219,147948.0,9076940.0
2017-8-08,0.397621,0.398656,0.373381,0.392155,83469.0,9244060.0
2017-8-09,0.392518,0.448009,0.381045,0.421857,247194.0,9125430.0
2017-8-10,0.413996,0.417865,0.379406,0.387253,192701.0,9624750.0
2017-8-11,0.387281,0.46751,0.350827,0.406133,251855.0,9003680.0
2017-8-12,0.409762,0.516356,0.37858,0.428919,274535.0,9526320.0
2017-8-13,0.428524,0.45652,0.389509,0.400011,167142.0,9962500.0
2017-8-14,0.400267,0.404089,0.335711,0.360421,144197.0,9305570.0
2017-8-15,0.361414,0.385572,0.308418,0.348678,240292.0,8402290.0
2017-8-16,0.349061,0.42762,0.338309,0.413081,198386.0,8115120.0
2017-8-17,0.41158,0.50326,0.370771,0.424814,452410.0,9568570.0
2017-8-18,0.421039,0.431165,0.359019,0.374002,171367.0,9788490.0
2017-8-19,0.373599,0.387571,0.333579,0.356747,104118.0,8685590.0
2017-8-20,0.355093,0.4195,0.340421,0.403059,178826.0,8255340.0
2017-8-21,0.401528,0.436327,0.383544,0.397374,86424.0,9334890.0
2017-8-22,0.398552,0.39987,0.365161,0.379611,59474.0,9265700.0
2017-8-23,0.378837,0.466872,0.373444,0.394258,268933.0,8807370.0
2017-8-24,0.394429,0.417908,0.391166,0.399169,130358.0,9169840.0
2017-8-25,0.39849,0.520043,0.38987,0.489437,396812.0,9264260.0
2017-8-26,0.498121,0.514325,0.431319,0.454416,174624.0,11580500.0
