datum,zacetna,najnizja,najvisja,koncna,volumen,kapital
"Jul 24, 2017",0.142993,0.147671,0.135786,0.142674,736323.0,9695400.0
"Jul 25, 2017",0.142675,0.157373,0.129654,0.139708,928031.0,9593500.0
"Jul 26, 2017",0.13961,0.158551,0.131833,0.140582,568962.0,9369900.0
"Jul 27, 2017",0.140598,0.148373,0.136278,0.141841,1121420.0,8905160.0
"Jul 28, 2017",0.141975,0.145928,0.13799,0.141144,678161.0,9426460.0
"Jul 29, 2017",0.141136,0.147998,0.134849,0.142678,368734.0,9414970.0
"Jul 30, 2017",0.142681,0.150808,0.138464,0.146662,248945.0,9391910.0
"Jul 31, 2017",0.146706,0.14942,0.139633,0.144491,2208.0,9689560.0
"Aug 01, 2017",0.144561,0.154916,0.134552,0.144136,534390.0,9547860.0
"Aug 02, 2017",0.144135,0.151879,0.136701,0.145989,650355.0,9422420.0
"Aug 03, 2017",0.145422,0.155611,0.144447,0.150874,439.0,9675090.0
"Aug 04, 2017",0.150836,0.15565,0.134655,0.150594,962347.0,10035300.0
"Aug 05, 2017",0.150039,0.159131,0.134242,0.145289,1026430.0,10468300.0
"Aug 06, 2017",0.145308,0.150712,0.135323,0.140047,821971.0,10610500.0
"Aug 07, 2017",0.140031,0.148231,0.137214,0.140699,396393.0,10397300.0
"Aug 08, 2017",0.1407,0.155775,0.137125,0.143736,512319.0,10561600.0
"Aug 09, 2017",0.143737,0.148591,0.138637,0.140459,716006.0,10927100.0
"Aug 10, 2017",0.140454,0.152362,0.125053,0.144601,1643440.0,10643100.0
"Aug 11, 2017",0.1446,0.150283,0.136737,0.142211,1074170.0,11474600.0
"Aug 12, 2017",0.142197,0.153346,0.140664,0.144776,1117360.0,11449100.0
"Aug 13, 2017",0.144549,0.150685,0.133609,0.143091,711907.0,11712900.0
"Aug 14, 2017",0.143088,0.148858,0.138446,0.139902,783206.0,11462300.0
"Aug 15, 2017",0.139932,0.147962,0.139556,0.141716,328309.0,11192400.0
"Aug 16, 2017",0.141736,0.148443,0.138866,0.145658,271882.0,11360400.0
"Aug 17, 2017",0.145652,0.149027,0.117957,0.143407,462373.0,11751200.0
"Aug 18, 2017",0.143346,0.152628,0.138158,0.145327,963813.0,11671400.0
"Aug 19, 2017",0.145322,0.148062,0.130234,0.144336,498756.0,12047900.0
"Aug 20, 2017",0.144317,0.149192,0.125355,0.146123,306527.0,11974100.0
"Aug 21, 2017",0.146052,0.1511,0.138042,0.143368,587193.0,12104800.0
"Aug 22, 2017",0.143355,0.14923,0.138342,0.145161,478360.0,11994300.0
