datum,zacetna,najnizja,najvisja,koncna,volumen,kapital
"Jul 24, 2017",0.124659,0.134678,0.083252,0.128995,20693.0,3739760.0
"Jul 25, 2017",0.12902,0.12957,0.091898,0.094644,13865.0,3870590.0
"Jul 26, 2017",0.094631,0.10863,0.093724,0.103269,198.0,2838920.0
"Jul 27, 2017",0.103278,0.122158,0.103201,0.119352,98.0,3098340.0
"Jul 28, 2017",0.119497,0.12838,0.089865,0.09459,14124.0,3584900.0
"Jul 29, 2017",0.094521,0.136707,0.083843,0.119439,2660.0,2835630.0
"Jul 30, 2017",0.119464,0.121624,0.115582,0.119087,1737.0,3583910.0
"Jul 31, 2017",0.119206,0.119256,0.118026,0.118676,1731.0,3576190.0
"Aug 01, 2017",0.119355,0.150977,0.118852,0.124137,170.0,3580640.0
"Aug 02, 2017",0.124136,0.155777,0.12328,0.148387,516.0,3724080.0
"Aug 03, 2017",0.148114,0.1505,0.147599,0.150013,522.0,4443430.0
"Aug 04, 2017",0.154593,0.167386,0.148197,0.167386,4515.0,4637800.0
"Aug 05, 2017",0.167019,0.190572,0.158473,0.186185,682.0,5010580.0
"Aug 06, 2017",0.186201,0.197057,0.155663,0.193979,723.0,5586040.0
"Aug 07, 2017",0.193857,0.201713,0.184371,0.185748,21166.0,5815720.0
"Aug 08, 2017",0.185851,0.20865,0.184709,0.187443,4953.0,5575540.0
"Aug 09, 2017",0.187386,0.212104,0.175854,0.175909,25120.0,5621570.0
"Aug 10, 2017",0.175834,0.203409,0.17188,0.198763,874.0,5275010.0
"Aug 11, 2017",0.198761,0.242176,0.174009,0.225584,767.0,5962820.0
"Aug 12, 2017",0.225517,0.241455,0.216933,0.217388,216.0,6765500.0
"Aug 13, 2017",0.217354,0.217354,0.159207,0.171966,14586.0,6520620.0
"Aug 14, 2017",0.171927,0.29146,0.145611,0.156753,2726.0,5157810.0
"Aug 15, 2017",0.156833,0.160783,0.144257,0.156853,3961.0,4704980.0
"Aug 16, 2017",0.156935,0.210309,0.156935,0.207956,6562.0,4708040.0
"Aug 17, 2017",0.207947,0.209918,0.138373,0.19547,1942.0,6238420.0
"Aug 18, 2017",0.195463,0.23623,0.187503,0.209085,8978.0,5863900.0
"Aug 19, 2017",0.209073,0.244809,0.199306,0.209787,1213.0,6272200.0
"Aug 20, 2017",0.20931,0.226606,0.193949,0.224636,1304.0,6279290.0
"Aug 21, 2017",0.224005,0.261547,0.204456,0.216345,8485.0,6720140.0
"Aug 22, 2017",0.216598,0.244262,0.202511,0.234484,1262.0,6497950.0
