datum,zacetna,najnizja,najvisja,koncna,volumen,kapital
"Aug 13, 2017",1.06,1.43,0.901665,1.08,28777.0,0.0
"Aug 14, 2017",1.08,1.12,0.960178,1.01,13758.0,0.0
"Aug 15, 2017",1.01,1.05,0.914608,0.952048,10812.0,0.0
"Aug 16, 2017",0.954698,1.09,0.945039,1.03,8316.0,0.0
"Aug 17, 2017",1.03,1.15,0.917216,0.988902,17455.0,0.0
"Aug 18, 2017",0.986377,1.81,0.942038,1.3,82606.0,0.0
"Aug 19, 2017",1.3,2.7,1.3,2.17,366088.0,0.0
"Aug 20, 2017",2.15,3.76,2.15,3.76,533835.0,0.0
"Aug 21, 2017",3.76,4.43,2.56,3.37,986095.0,0.0
"Aug 22, 2017",3.35,3.8,2.63,3.57,494496.0,0.0
