datum,zacetna,najnizja,najvisja,koncna,volumen,kapital
"Aug 17, 2017",0.088504,0.21667,0.002199,0.025328,13218.0,0.0
"Aug 18, 2017",0.024737,0.072405,0.006795,0.02056,7655.0,0.0
"Aug 19, 2017",0.020543,0.02076,0.004034,0.016659,6147.0,0.0
"Aug 20, 2017",0.016581,0.035143,0.010513,0.01143,10376.0,0.0
"Aug 21, 2017",0.011362,0.016211,0.007732,0.011775,7171.0,0.0
"Aug 22, 2017",0.011803,0.015607,0.004491,0.006142,6376.0,0.0
