datum,zacetna,najnizja,najvisja,koncna,volumen,kapital
"Aug 08, 2017",0.151344,0.346322,0.150359,0.345372,2484.0,0.0
"Aug 09, 2017",0.346251,0.368153,0.326552,0.346243,2286.0,1121410.0
"Aug 10, 2017",0.345591,0.349863,0.33908,0.342995,2265.0,1119270.0
"Aug 12, 2017",0.408216,3.05,0.383469,0.674633,49203.0,1339870.0
"Aug 13, 2017",0.673459,1.19,0.226815,0.567073,30227.0,2210460.0
"Aug 14, 2017",0.566859,1.1,0.345791,0.593727,25613.0,1860570.0
"Aug 15, 2017",0.594508,0.643587,0.399237,0.51105,8347.0,1951320.0
"Aug 16, 2017",0.513727,0.80619,0.35307,0.564149,6583.0,1686180.0
"Aug 17, 2017",0.564239,0.819438,0.45837,0.598476,15326.0,1851970.0
"Aug 18, 2017",0.596948,0.608703,0.586324,0.590373,15119.0,1959330.0
"Aug 21, 2017",0.470949,1.31,0.446309,0.575647,15748.0,1545770.0
"Aug 22, 2017",0.544762,0.949849,0.346227,0.472416,8790.0,1788050.0
