datum,zacetna,najnizja,najvisja,koncna,volumen,kapital
"Aug 14, 2017",0.032424,0.076136,0.03238,0.04747,11507.0,0.0
"Aug 15, 2017",0.047597,0.05507,0.028508,0.029625,4616.0,510985.0
"Aug 16, 2017",0.029657,0.040986,0.015392,0.024161,6397.0,321050.0
"Aug 17, 2017",0.024139,0.029012,0.020674,0.022152,4929.0,263600.0
"Aug 18, 2017",0.022084,0.027507,0.017927,0.018586,2803.0,243218.0
"Aug 19, 2017",0.017872,0.029093,0.016211,0.028903,6154.0,198440.0
"Aug 20, 2017",0.028644,0.033132,0.023706,0.032734,6783.0,320298.0
"Aug 21, 2017",0.032538,0.036573,0.024593,0.030776,6260.0,366635.0
"Aug 22, 2017",0.030447,0.04205,0.030167,0.036727,4683.0,345454.0
