datum,zacetna,najnizja,najvisja,koncna,volumen,kapital
"Jul 24, 2017",0.175141,0.186522,0.16897,0.170689,76520.0,1050850.0
"Jul 25, 2017",0.172679,0.176116,0.125061,0.132958,67427.0,1718510.0
"Jul 26, 2017",0.133017,0.166105,0.124663,0.149603,64514.0,1323790.0
"Jul 27, 2017",0.158922,0.171488,0.137127,0.156147,69409.0,1581610.0
"Jul 28, 2017",0.156435,0.163412,0.109056,0.115751,54160.0,1556860.0
"Jul 29, 2017",0.11638,0.121108,0.076818,0.105225,39046.0,1158220.0
"Jul 30, 2017",0.096529,0.112964,0.096529,0.109059,44330.0,960668.0
"Jul 31, 2017",0.109442,0.122808,0.106142,0.114393,51907.0,1089170.0
"Aug 01, 2017",0.118425,0.121981,0.102055,0.110087,47028.0,1178570.0
"Aug 02, 2017",0.110128,0.140834,0.106097,0.110214,50255.0,1096010.0
"Aug 03, 2017",0.112865,0.117632,0.104097,0.110586,47280.0,1123250.0
"Aug 04, 2017",0.110553,0.112266,0.089903,0.092953,46812.0,1100240.0
"Aug 05, 2017",0.092901,0.104623,0.087838,0.101564,50714.0,924555.0
"Aug 06, 2017",0.098417,0.127081,0.094258,0.118755,51163.0,979457.0
"Aug 07, 2017",0.11902,0.131997,0.107503,0.123685,64105.0,1184500.0
"Aug 08, 2017",0.118245,0.161563,0.106996,0.142502,61777.0,1176790.0
"Aug 09, 2017",0.14237,0.174942,0.136502,0.169145,52183.0,1416870.0
"Aug 10, 2017",0.16923,0.183325,0.152435,0.17382,56514.0,1684190.0
"Aug 11, 2017",0.172877,0.199663,0.159355,0.180938,122593.0,1720480.0
"Aug 12, 2017",0.183248,0.32228,0.176267,0.25192,166430.0,1823700.0
"Aug 13, 2017",0.252649,0.277435,0.192597,0.225296,128824.0,2514390.0
"Aug 14, 2017",0.22657,0.261143,0.220854,0.241343,135108.0,2254850.0
"Aug 15, 2017",0.250851,0.260934,0.206014,0.223591,139519.0,2496490.0
"Aug 16, 2017",0.218826,0.231111,0.204093,0.22476,110737.0,2177770.0
"Aug 17, 2017",0.227493,0.232546,0.212468,0.218358,44400.0,2264030.0
"Aug 18, 2017",0.214866,0.220399,0.184935,0.201688,110544.0,2138370.0
"Aug 19, 2017",0.203581,0.234615,0.201875,0.20978,111591.0,2026060.0
"Aug 20, 2017",0.208984,0.214596,0.202501,0.208902,73583.0,2079830.0
"Aug 21, 2017",0.207458,0.229075,0.19814,0.198795,101461.0,2064640.0
"Aug 22, 2017",0.199365,0.209809,0.179818,0.207991,96404.0,1984090.0
