datum,zacetna,najnizja,najvisja,koncna,volumen,kapital
"Jul 24, 2017",0.268848,0.550014,0.268848,0.550014,5245.0,0.0
"Jul 25, 2017",0.550013,0.550013,0.229396,0.245675,3251.0,0.0
"Jul 26, 2017",0.245417,0.396539,0.186276,0.357015,3304.0,0.0
"Jul 27, 2017",0.357704,0.443071,0.258736,0.390541,974.0,0.0
"Jul 28, 2017",0.39062,0.396105,0.259164,0.260899,1313.0,0.0
"Jul 29, 2017",0.260953,0.340206,0.226417,0.270003,681.0,0.0
"Jul 30, 2017",0.270052,0.276121,0.162721,0.170334,1354.0,0.0
"Jul 31, 2017",0.170487,0.171126,0.166847,0.168895,1344.0,0.0
"Aug 01, 2017",0.17148,0.324889,0.162535,0.324814,1029.0,0.0
"Aug 02, 2017",0.324837,0.335608,0.239582,0.326901,1939.0,0.0
"Aug 03, 2017",0.326103,0.333358,0.324076,0.332067,1969.0,0.0
"Aug 04, 2017",0.345112,0.391813,0.326986,0.38081,3282.0,0.0
"Aug 05, 2017",0.379542,0.402277,0.198612,0.288407,2187.0,0.0
"Aug 06, 2017",0.288411,0.362916,0.248297,0.248388,1933.0,0.0
"Aug 07, 2017",0.248356,0.298564,0.23211,0.248704,615.0,0.0
"Aug 08, 2017",0.248719,0.331039,0.21351,0.315149,6352.0,0.0
"Aug 09, 2017",0.31511,0.31511,0.21755,0.26071,924.0,0.0
"Aug 10, 2017",0.26071,0.312911,0.2356,0.26714,1216.0,0.0
"Aug 11, 2017",0.267139,0.391051,0.267139,0.385594,4697.0,0.0
"Aug 12, 2017",0.385477,0.736095,0.356652,0.584314,12406.0,0.0
"Aug 13, 2017",0.584242,0.626445,0.336709,0.566679,4335.0,4547630.0
"Aug 14, 2017",0.566659,0.567831,0.370055,0.479177,4507.0,4410760.0
"Aug 15, 2017",0.479612,0.629881,0.347109,0.391468,8029.0,3733210.0
"Aug 16, 2017",0.391567,0.564326,0.360667,0.554631,27813.0,3047880.0
"Aug 17, 2017",0.554525,0.733359,0.467021,0.723696,35994.0,4316310.0
"Aug 18, 2017",0.723334,0.78723,0.596667,0.614148,9009.0,5630290.0
"Aug 19, 2017",0.613936,0.949974,0.613936,0.948868,9967.0,4778760.0
"Aug 20, 2017",0.946359,0.994825,0.77168,0.954343,22257.0,7366270.0
"Aug 21, 2017",0.952527,0.96278,0.767349,0.798947,18165.0,7414280.0
"Aug 22, 2017",0.799617,1.3,0.734832,0.813579,15316.0,6224060.0
