datum,zacetna,najnizja,najvisja,koncna,volumen,kapital
"Jul 24, 2017",0.252664,0.310662,0.241137,0.278682,21446.0,3442230.0
"Jul 25, 2017",0.272281,0.272684,0.217968,0.232494,23216.0,3709490.0
"Jul 26, 2017",0.2326,0.235138,0.199037,0.207833,8221.0,3168890.0
"Jul 27, 2017",0.208423,0.220535,0.190609,0.207914,88443.0,2839510.0
"Jul 28, 2017",0.190423,0.213033,0.180462,0.189854,23280.0,2594280.0
"Jul 29, 2017",0.189134,0.189651,0.165925,0.171077,12568.0,2576710.0
"Jul 30, 2017",0.171053,0.220458,0.122217,0.181706,102327.0,2330380.0
"Jul 31, 2017",0.172656,0.17627,0.14925,0.168823,22057.0,2352230.0
"Aug 01, 2017",0.168905,0.241083,0.158932,0.201927,17755.0,2301120.0
"Aug 02, 2017",0.201888,0.270729,0.193944,0.243005,40764.0,2750480.0
"Aug 03, 2017",0.24344,0.385748,0.24344,0.368673,183615.0,3316560.0
"Aug 04, 2017",0.362282,0.367938,0.283878,0.329137,55066.0,4935640.0
"Aug 05, 2017",0.327763,0.35355,0.314625,0.331972,26314.0,4465370.0
"Aug 06, 2017",0.332053,0.441793,0.304657,0.374697,54540.0,4523800.0
"Aug 07, 2017",0.373859,0.609113,0.373592,0.377625,669337.0,5093370.0
"Aug 08, 2017",0.373157,0.430916,0.330856,0.387298,92829.0,5083800.0
"Aug 09, 2017",0.378967,0.423874,0.359262,0.379359,47471.0,5162960.0
"Aug 10, 2017",0.379395,0.419,0.340995,0.343374,128163.0,5168790.0
"Aug 11, 2017",0.343354,0.368748,0.286972,0.297772,50443.0,4677770.0
"Aug 12, 2017",0.295751,0.349579,0.295751,0.344588,27591.0,4029240.0
"Aug 13, 2017",0.344268,0.379158,0.319962,0.353126,36611.0,4690230.0
"Aug 14, 2017",0.353351,0.361777,0.275798,0.346443,30038.0,4813970.0
"Aug 15, 2017",0.347375,0.357547,0.27857,0.317037,211651.0,4732550.0
"Aug 16, 2017",0.317386,0.423652,0.28066,0.362458,164079.0,4323990.0
"Aug 17, 2017",0.35949,0.379203,0.302019,0.331286,60434.0,4897610.0
"Aug 18, 2017",0.330273,0.344881,0.304289,0.326209,47110.0,4499560.0
"Aug 19, 2017",0.326012,0.352112,0.293731,0.33468,21999.0,4441510.0
"Aug 20, 2017",0.333118,0.348296,0.292801,0.333931,41579.0,4538320.0
"Aug 21, 2017",0.33672,0.338632,0.276232,0.300973,30244.0,4587400.0
"Aug 22, 2017",0.30167,0.35985,0.268874,0.355764,92493.0,4109880.0
