datum,zacetna,najnizja,najvisja,koncna,volumen,kapital
"Jul 24, 2017",0.629899,0.678557,0.603211,0.673051,31709.0,14328800.0
"Jul 25, 2017",0.672979,0.677299,0.484751,0.511258,52788.0,15308800.0
"Jul 26, 2017",0.517045,0.585106,0.475904,0.523976,63429.0,11761700.0
"Jul 27, 2017",0.525463,0.542421,0.49379,0.52029,29960.0,11953100.0
"Jul 28, 2017",0.521862,0.523399,0.473934,0.494881,54310.0,11871200.0
"Jul 29, 2017",0.493004,0.5743,0.472609,0.549055,26743.0,11214800.0
"Jul 30, 2017",0.548977,0.57412,0.521208,0.549662,58949.0,12488000.0
"Jul 31, 2017",0.550225,0.575369,0.523499,0.545549,25279.0,12516400.0
"Aug 01, 2017",0.545813,0.68495,0.53754,0.636054,83466.0,12416000.0
"Aug 02, 2017",0.633149,0.652244,0.567062,0.57924,21165.0,14402800.0
"Aug 03, 2017",0.580275,0.692728,0.556103,0.669044,49921.0,13200000.0
"Aug 04, 2017",0.663302,0.682051,0.585035,0.632605,94969.0,15088700.0
"Aug 05, 2017",0.632325,0.813735,0.624434,0.760825,101966.0,14384000.0
"Aug 06, 2017",0.761009,0.968847,0.718716,0.893947,220532.0,17311300.0
"Aug 07, 2017",0.873949,1.21,0.835948,0.883174,828848.0,19880400.0
"Aug 08, 2017",0.906684,0.976499,0.803037,0.920538,369175.0,20625100.0
"Aug 09, 2017",0.923436,0.97756,0.860081,0.876982,111273.0,21006200.0
"Aug 10, 2017",0.877066,0.878902,0.626819,0.79254,274510.0,19951300.0
"Aug 11, 2017",0.792494,1.0,0.761105,0.942048,349798.0,18027500.0
"Aug 12, 2017",0.95044,1.06,0.889093,0.996482,153790.0,21620400.0
"Aug 13, 2017",0.970882,1.04,0.85361,0.894608,174472.0,22085400.0
"Aug 14, 2017",0.874543,0.903737,0.783814,0.841026,185731.0,19893900.0
"Aug 15, 2017",0.843288,1.01,0.774627,0.799376,141580.0,19183000.0
"Aug 16, 2017",0.800255,0.881476,0.78263,0.849719,61152.0,18204100.0
"Aug 17, 2017",0.850952,0.926502,0.79379,0.906625,140632.0,19357300.0
"Aug 18, 2017",0.903854,0.959111,0.836325,0.867634,114047.0,20560700.0
"Aug 19, 2017",0.866894,1.05,0.808885,0.999541,308272.0,19719900.0
"Aug 20, 2017",0.994877,1.06,0.91673,1.02,80207.0,22631300.0
"Aug 21, 2017",1.01,1.08,0.924384,0.952296,139665.0,23046300.0
"Aug 22, 2017",0.954502,0.961223,0.768237,0.941716,197033.0,21712800.0
