datum,zacetna,najnizja,najvisja,koncna,volumen,kapital
"Aug 12, 2017",0.000628,0.000639,0.000622,0.000634,71565.0,0.0
"Aug 13, 2017",0.000633,0.001419,0.000442,0.001179,245442.0,6572050.0
"Aug 14, 2017",0.001337,0.003317,0.000651,0.000876,126866.0,13877500.0
"Aug 15, 2017",0.000878,0.000918,0.000653,0.000841,106183.0,9131840.0
"Aug 16, 2017",0.000843,0.000909,0.000659,0.000799,57105.0,8776510.0
"Aug 17, 2017",0.000768,0.000894,0.000605,0.00089,100070.0,7986880.0
"Aug 18, 2017",0.000888,0.001365,0.000654,0.00093,127184.0,9239620.0
"Aug 19, 2017",0.00093,0.004718,0.0009,0.001475,276638.0,9673440.0
"Aug 20, 2017",0.00133,0.001757,0.001274,0.001682,204514.0,13838200.0
"Aug 21, 2017",0.001681,0.001723,0.001042,0.001291,173181.0,17495000.0
"Aug 22, 2017",0.001299,0.001338,0.000946,0.001009,55623.0,13520200.0
