datum,zacetna,najnizja,najvisja,koncna,volumen,kapital
2017-8-11,0.000307,0.001011,0.00025,0.000475,228296.0,4964020.0
2017-8-12,0.000475,0.000479,0.000229,0.000234,77384.0,7677650.0
2017-8-13,0.000234,0.000276,0.000161,0.000165,24832.0,3781050.0
2017-8-14,0.000164,0.000216,0.000161,0.000216,25410.0,2658240.0
2017-8-15,0.000216,0.000248,0.000158,0.000166,16103.0,3502080.0
2017-8-16,0.000166,0.000261,0.00016,0.00022,30299.0,2690770.0
2017-8-17,0.000219,0.000269,0.00017,0.000173,17735.0,3549750.0
2017-8-18,0.000173,0.000218,0.00012,0.000165,16667.0,2794510.0
2017-8-19,0.000165,0.000209,0.000124,0.000208,25437.0,2665550.0
2017-8-20,0.000207,0.000208,0.000133,0.000167,9565.0,3352990.0
2017-8-21,0.000166,0.000167,0.000115,0.000157,12465.0,2685990.0
2017-8-22,0.000157,0.000165,0.000117,0.000163,6335.0,2546070.0
2017-8-23,0.000163,0.000203,0.000123,0.000165,11487.0,2637870.0
2017-8-24,0.000166,0.000216,0.000138,0.000214,7248.0,2680030.0
2017-8-25,0.000214,0.000217,0.000134,0.000174,5801.0,3462770.0
2017-8-26,0.000174,0.000175,0.000129,0.000174,24584.0,2819210.0
