datum,zacetna,najnizja,najvisja,koncna,volumen,kapital
2017-7-28,0.010349,0.011408,0.008854,0.010554,490.0,51747.0
2017-7-29,0.010233,0.011889,0.007871,0.011242,930.0,51165.0
2017-7-30,0.010986,0.012852,0.007956,0.008225,833.0,54929.0
2017-7-31,0.007979,0.011546,0.007474,0.007764,989.0,39897.0
2017-8-01,0.007711,0.007936,0.005265,0.007634,320.0,38555.0
2017-8-02,0.007424,0.014887,0.006678,0.014185,1163.0,37121.0
2017-8-03,0.014142,0.014374,0.005701,0.005704,731.0,70711.0
2017-8-04,0.005693,0.006426,0.005421,0.006413,901.0,28466.0
2017-8-05,0.00641,0.007472,0.006304,0.007241,1062.0,32052.0
2017-8-06,0.007328,0.008429,0.006582,0.006814,455.0,36640.0
2017-8-07,0.006779,0.009998,0.006669,0.008971,1161.0,33893.0
2017-8-08,0.00936,0.013715,0.005682,0.012946,551.0,46799.0
2017-8-09,0.011892,0.02423,0.011892,0.018063,2462.0,59462.0
2017-8-10,0.018246,0.019234,0.011607,0.012249,579.0,91228.0
2017-8-11,0.012402,0.01986,0.01222,0.018777,257.0,62009.0
2017-8-12,0.01869,0.019487,0.012383,0.016471,424.0,93449.0
2017-8-13,0.017054,0.017063,0.012798,0.013712,212.0,85272.0
2017-8-14,0.013721,0.017923,0.012606,0.013993,1093.0,68605.0
2017-8-15,0.014028,0.016055,0.012843,0.014771,637.0,70140.0
2017-8-16,0.013749,0.015985,0.012905,0.014877,530.0,68744.0
2017-8-17,0.014863,0.017647,0.013821,0.016141,615.0,74317.0
2017-8-18,0.016392,0.016744,0.014986,0.015873,279.0,81958.0
2017-8-19,0.015859,0.021929,0.014402,0.016201,1468.0,79295.0
2017-8-20,0.016125,0.023567,0.015753,0.018203,486.0,80627.0
2017-8-21,0.021583,0.026693,0.017967,0.026505,913.0,107913.0
2017-8-22,0.026824,0.032555,0.023546,0.027135,1742.0,134122.0
2017-8-23,0.027062,0.033683,0.023866,0.029404,592.0,135313.0
2017-8-24,0.029421,0.030218,0.025321,0.028348,262.0,147103.0
2017-8-25,0.027152,0.030522,0.026291,0.028542,411.0,135759.0
2017-8-26,0.028589,0.028653,0.028122,0.028274,407.0,142947.0
