datum,zacetna,najnizja,najvisja,koncna,volumen,kapital
2017-7-21,0.168789,0.170317,0.161827,0.168215,14.0,0.0
2017-7-25,0.190602,0.199974,0.174603,0.199636,49.0,0.0
2017-7-26,0.199726,0.203287,0.190471,0.201035,13.0,0.0
2017-7-27,0.201606,0.206924,0.158539,0.165016,7.0,0.0
2017-7-28,0.165516,0.17532,0.165469,0.171202,8.0,0.0
2017-7-31,0.1372,0.144185,0.135539,0.143475,119.0,0.0
2017-8-01,0.143545,0.143545,0.141678,0.142606,3.0,0.0
2017-8-03,0.218356,0.225636,0.218356,0.225636,6.0,0.0
2017-8-04,0.22558,0.226365,0.1399,0.143592,2.0,0.0
2017-8-05,0.143529,0.160404,0.143422,0.156783,2.0,0.0
2017-8-07,0.27326,0.275289,0.269646,0.274215,18.0,0.0
2017-8-08,0.274492,0.281786,0.169803,0.173413,0.0,0.0
2017-8-09,0.173296,0.251427,0.164607,0.2507,7.0,0.0
2017-8-10,0.250724,0.258244,0.248887,0.257102,7.0,0.0
2017-8-12,1.03,2.39,0.378889,0.432119,111061.0,0.0
2017-8-13,0.431718,0.812842,0.319496,0.405939,3015.0,0.0
2017-8-14,0.406197,0.56987,0.281862,0.560834,206.0,0.0
2017-8-15,0.562342,0.567513,0.274746,0.29459,207.0,0.0
2017-8-16,0.294914,0.307557,0.280994,0.307503,82.0,0.0
2017-8-17,0.307219,0.544662,0.296881,0.300505,127.0,0.0
2017-8-18,0.299587,0.522064,0.265016,0.275507,40.0,0.0
2017-8-19,0.275272,0.308385,0.265731,0.279039,41.0,0.0
2017-8-20,0.277736,0.27824,0.271324,0.272846,11.0,0.0
2017-8-21,0.271811,0.273896,0.265584,0.266086,136.0,0.0
2017-8-22,0.266702,0.276264,0.241491,0.272903,121.0,0.0
2017-8-23,0.393574,0.394809,0.378705,0.384217,3.0,0.0
2017-8-24,0.384384,0.391074,0.279236,0.289053,12.0,0.0
2017-8-25,0.288598,0.297528,0.286618,0.291099,10.0,0.0
2017-8-26,0.291187,0.29185,0.284657,0.289644,6.0,0.0
