datum,zacetna,najnizja,najvisja,koncna,volumen,kapital
2017-7-28,0.034047,0.036218,0.034047,0.035286,1799.0,15132000.0
2017-7-29,0.035421,0.035421,0.033853,0.034408,1515.0,15742600.0
2017-7-30,0.034439,0.034674,0.032884,0.034578,22943.0,15306200.0
2017-7-31,0.034613,0.036288,0.034108,0.036138,8699.0,15383800.0
2017-8-01,0.036155,0.036714,0.033542,0.034533,11786.0,16068900.0
2017-8-02,0.034526,0.034816,0.033589,0.033987,24318.0,15344900.0
2017-8-03,0.034036,0.035371,0.034036,0.035371,14452.0,15127200.0
2017-8-04,0.035376,0.039163,0.035102,0.038896,62622.0,15722600.0
2017-8-05,0.038851,0.044547,0.038783,0.042078,56305.0,17267000.0
2017-8-06,0.042056,0.044492,0.039816,0.042663,29830.0,18691500.0
2017-8-07,0.042568,0.045125,0.041363,0.043912,51772.0,18919000.0
2017-8-08,0.043957,0.044011,0.042242,0.043107,8286.0,19536300.0
2017-8-09,0.043078,0.043352,0.03718,0.040479,15934.0,19145700.0
2017-8-10,0.040483,0.041692,0.037157,0.039117,25937.0,17992600.0
2017-8-11,0.039115,0.043118,0.038868,0.040185,12194.0,17384200.0
2017-8-12,0.040154,0.043365,0.034209,0.037274,24097.0,17846100.0
2017-8-13,0.037239,0.039084,0.034253,0.036534,5986.0,16550700.0
2017-8-14,0.036558,0.039211,0.035169,0.037678,10552.0,16247900.0
2017-8-15,0.03778,0.040094,0.033955,0.037401,21161.0,16791000.0
2017-8-16,0.037442,0.03838,0.033812,0.038262,20150.0,16641000.0
2017-8-17,0.038227,0.038368,0.035654,0.036489,9470.0,16989700.0
2017-8-18,0.036377,0.037678,0.034653,0.035839,9639.0,16167700.0
2017-8-19,0.035809,0.036469,0.033734,0.035845,1630.0,15915000.0
2017-8-20,0.035683,0.035683,0.034453,0.034453,9646.0,15859100.0
2017-8-21,0.034322,0.034983,0.033362,0.033631,12528.0,15254400.0
2017-8-22,0.033709,0.037603,0.03044,0.034819,12999.0,14981600.0
2017-8-23,0.034748,0.03873,0.03463,0.036151,17294.0,15443700.0
2017-8-24,0.036166,0.037121,0.035095,0.036441,12339.0,16074000.0
2017-8-25,0.036384,0.039071,0.035762,0.035978,3322.0,16170500.0
2017-8-26,0.036047,0.03885,0.035259,0.036371,9675.0,16021000.0
