datum,zacetna,najnizja,najvisja,koncna,volumen,kapital
"Jul 24, 2017",0.127791,0.131995,0.123114,0.125621,34130.0,7939800.0
"Jul 25, 2017",0.125707,0.126552,0.097714,0.112061,63724.0,7810300.0
"Jul 26, 2017",0.114792,0.115935,0.09881,0.108515,3965.0,7132150.0
"Jul 27, 2017",0.108802,0.118945,0.108384,0.117813,13432.0,6760000.0
"Jul 28, 2017",0.11817,0.131688,0.110231,0.129393,8451.0,7342010.0
"Jul 29, 2017",0.128968,0.131022,0.096414,0.122271,3962.0,8012930.0
"Jul 30, 2017",0.122254,0.12341,0.113778,0.114293,5830.0,7595800.0
"Jul 31, 2017",0.11441,0.129335,0.112877,0.128735,67809.0,7108450.0
"Aug 01, 2017",0.128797,0.128797,0.116946,0.119952,36282.0,8002320.0
"Aug 02, 2017",0.119929,0.133466,0.085044,0.125685,1917.0,7451340.0
"Aug 03, 2017",0.125863,0.138631,0.0945,0.094559,322.0,7820020.0
"Aug 04, 2017",0.094482,0.124912,0.053876,0.124523,26125.0,5870280.0
"Aug 05, 2017",0.124468,0.143517,0.122353,0.126533,9312.0,7733320.0
"Aug 06, 2017",0.126564,0.131002,0.114924,0.121709,8886.0,7863560.0
"Aug 07, 2017",0.121443,0.151588,0.06381,0.151588,4816.0,7545370.0
"Aug 08, 2017",0.151743,0.159681,0.139172,0.139266,7970.0,9427990.0
"Aug 09, 2017",0.139091,0.141345,0.068811,0.096225,3631.0,8641880.0
"Aug 10, 2017",0.096266,0.143729,0.094362,0.123686,2761.0,5981130.0
"Aug 11, 2017",0.123678,0.131187,0.091216,0.117349,2979.0,7684290.0
"Aug 12, 2017",0.117257,0.19034,0.103055,0.190055,4129.0,7285310.0
"Aug 13, 2017",0.189871,0.195248,0.096875,0.1017,13333.0,11796900.0
"Aug 14, 2017",0.10167,0.18951,0.069589,0.101941,2426.0,6316870.0
"Aug 15, 2017",0.102135,0.103967,0.063991,0.102778,2042.0,6345740.0
"Aug 16, 2017",0.102891,0.11261,0.079844,0.11259,4926.0,6392730.0
"Aug 17, 2017",0.112486,0.120802,0.076686,0.077011,1620.0,6988890.0
"Aug 18, 2017",0.077203,0.10707,0.076984,0.08866,3054.0,4796750.0
"Aug 19, 2017",0.088586,0.099004,0.077221,0.095903,4125.0,5503930.0
"Aug 20, 2017",0.095457,0.095457,0.079125,0.086614,1746.0,5930870.0
"Aug 21, 2017",0.086273,0.089088,0.076304,0.077309,5730.0,5360250.0
"Aug 22, 2017",0.077488,0.089524,0.061605,0.076806,5810.0,4814440.0
