datum,zacetna,najnizja,najvisja,koncna,volumen,kapital
"Aug 14, 2017",1.18,3.06,0.972993,1.6,23481.0,1867950.0
"Aug 15, 2017",1.6,1.61,0.705063,0.814977,4765.0,2530600.0
"Aug 16, 2017",0.815873,0.838395,0.410021,0.659857,4744.0,1290330.0
"Aug 17, 2017",0.659248,0.745798,0.5164,0.737796,2126.0,1042620.0
"Aug 18, 2017",0.735804,1.21,0.679958,0.777509,2057.0,1163700.0
"Aug 19, 2017",0.779567,0.884895,0.558722,0.786286,1472.0,1232910.0
"Aug 20, 2017",0.786904,0.786904,0.527331,0.546722,620.0,1244510.0
"Aug 21, 2017",0.543452,0.590088,0.528719,0.559003,234.0,859487.0
"Aug 22, 2017",0.560443,0.6584,0.482365,0.543575,741.0,886358.0
