datum,zacetna,najnizja,najvisja,koncna,volumen,kapital
"Aug 15, 2017",0.003687,0.031139,0.003687,0.009128,19891.0,0.0
"Aug 16, 2017",0.009138,0.01233,0.004091,0.005403,9041.0,0.0
"Aug 17, 2017",0.005398,0.006118,0.003761,0.005237,6139.0,0.0
"Aug 18, 2017",0.005179,0.007646,0.002549,0.003372,4745.0,0.0
"Aug 19, 2017",0.003369,0.005067,0.002578,0.003915,2416.0,0.0
"Aug 20, 2017",0.003897,0.004761,0.00192,0.002663,4048.0,0.0
"Aug 21, 2017",0.002647,0.004593,0.002509,0.002994,6175.0,0.0
"Aug 22, 2017",0.003001,0.003397,0.001828,0.002498,1757.0,0.0
