datum,zacetna,najnizja,najvisja,koncna,volumen,kapital
"Jul 24, 2017",0.932708,0.943437,0.879212,0.913694,5176890.0,79801000.0
"Jul 25, 2017",0.910849,0.929858,0.739454,0.770072,6398130.0,77930800.0
"Jul 26, 2017",0.770075,0.781775,0.674919,0.761274,5351440.0,65886400.0
"Jul 27, 2017",0.770124,0.784609,0.745341,0.762713,2796770.0,65890600.0
"Jul 28, 2017",0.76231,0.770326,0.698814,0.713382,2285200.0,65222000.0
"Jul 29, 2017",0.710391,0.710456,0.616644,0.692943,2853010.0,60779900.0
"Jul 30, 2017",0.679216,0.69189,0.650369,0.663414,1148250.0,58112600.0
"Jul 31, 2017",0.659829,0.755188,0.640484,0.697956,3349340.0,56453900.0
"Aug 01, 2017",0.704083,0.758414,0.657726,0.723458,4753320.0,60240200.0
"Aug 02, 2017",0.723457,0.753114,0.717144,0.724916,3308230.0,61897800.0
"Aug 03, 2017",0.724636,0.845975,0.694247,0.808904,7080080.0,61998700.0
"Aug 04, 2017",0.823385,0.8456,0.790875,0.80802,4977360.0,70447500.0
"Aug 05, 2017",0.809101,0.90205,0.762324,0.877491,9317170.0,69225400.0
"Aug 06, 2017",0.877527,0.898638,0.784948,0.792977,4624670.0,75079800.0
"Aug 07, 2017",0.789182,0.953239,0.760336,0.913405,13917900.0,67521200.0
"Aug 08, 2017",0.911506,1.06,0.903833,0.982298,16274300.0,77987000.0
"Aug 09, 2017",0.978635,1.01,0.889682,0.91214,8156250.0,83730500.0
"Aug 10, 2017",0.918678,0.970551,0.884203,0.884203,9104830.0,78600600.0
"Aug 11, 2017",0.895229,0.931987,0.865145,0.913573,9265360.0,76594400.0
"Aug 12, 2017",0.913567,1.01,0.861638,0.875924,7518720.0,78163300.0
"Aug 13, 2017",0.876468,0.876468,0.757578,0.79035,4475980.0,74989200.0
"Aug 14, 2017",0.791021,0.805146,0.692381,0.741388,4463870.0,67678500.0
"Aug 15, 2017",0.726847,0.796883,0.667083,0.740823,4578590.0,62187800.0
"Aug 16, 2017",0.732387,0.773771,0.696584,0.721087,3225710.0,62661900.0
"Aug 17, 2017",0.718164,0.718164,0.670985,0.685054,2538370.0,61444900.0
"Aug 18, 2017",0.678913,0.798056,0.654345,0.659811,5017370.0,58086700.0
"Aug 19, 2017",0.654713,0.691537,0.625475,0.650996,2503090.0,56016100.0
"Aug 20, 2017",0.653451,0.692552,0.633657,0.687747,1846050.0,55908200.0
"Aug 21, 2017",0.686998,0.718863,0.639069,0.642893,2246160.0,58778400.0
"Aug 22, 2017",0.644007,0.649029,0.597121,0.634558,1150090.0,55100200.0
