datum,zacetna,najnizja,najvisja,koncna,volumen,kapital
2017-7-22,0.000367,0.000454,0.000275,0.000453,251.0,0.0
2017-7-23,0.000453,0.000864,0.00028,0.000441,1236.0,0.0
2017-7-24,0.00044,0.000475,0.000354,0.000359,177.0,0.0
2017-7-25,0.000359,0.000436,0.000294,0.000333,106.0,0.0
2017-7-26,0.000333,0.000498,0.000293,0.000352,171.0,0.0
2017-7-27,0.000353,0.000387,0.000204,0.000239,373.0,0.0
2017-7-28,0.000239,0.000295,0.000239,0.000279,284.0,0.0
2017-7-29,0.000278,0.000279,0.000242,0.000272,32.0,0.0
2017-7-30,0.000272,0.000357,0.000237,0.000356,55.0,0.0
2017-7-31,0.000356,0.000357,0.000298,0.000315,0.0,0.0
2017-8-01,0.000315,0.000332,0.000293,0.0003,68.0,0.0
2017-8-02,0.0003,0.000303,0.000292,0.000297,6.0,0.0
2017-8-03,0.000297,0.000327,0.000251,0.000251,125.0,0.0
2017-8-04,0.000251,0.000342,0.00025,0.000286,17.0,0.0
2017-8-05,0.000285,0.000399,0.000285,0.000391,3.0,0.0
2017-8-06,0.000391,0.000395,0.000316,0.000355,8.0,0.0
2017-8-07,0.000354,0.000374,0.000351,0.000369,1.0,0.0
2017-8-08,0.000309,0.000373,0.000301,0.000308,38.0,0.0
2017-8-09,0.000308,0.000371,0.000292,0.000368,19.0,0.0
2017-8-10,0.000368,0.000647,0.000365,0.000444,386.0,0.0
2017-8-11,0.000444,0.000462,0.000274,0.000365,181.0,0.0
2017-8-12,0.000365,0.000388,0.0003,0.000387,62.0,0.0
2017-8-13,0.000387,0.000438,0.000313,0.000325,50.0,0.0
2017-8-14,0.000325,0.000432,0.000293,0.000432,160.0,0.0
2017-8-15,0.000433,0.000476,0.00027,0.00029,6.0,0.0
2017-8-16,0.000291,0.000304,0.000276,0.000299,3.0,0.0
2017-8-17,0.000305,0.000403,0.000252,0.000258,202.0,0.0
2017-8-18,0.000257,0.000305,0.000239,0.000247,4.0,0.0
2017-8-19,0.000247,0.000251,0.000238,0.000242,1.0,0.0
2017-8-20,0.000244,0.000249,0.000244,0.000244,11.0,0.0
2017-8-21,0.000243,0.000324,0.000238,0.000319,0.0,0.0
2017-8-22,0.00032,0.000358,0.000237,0.000246,42.0,0.0
2017-8-23,0.000245,0.000375,0.000207,0.000373,39.0,0.0
2017-8-24,0.000373,0.000383,0.000212,0.000217,32.0,0.0
2017-8-25,0.000216,0.000268,0.000173,0.000262,85.0,0.0
2017-8-26,0.000262,0.000741,0.000262,0.000478,903.0,0.0
