datum,zacetna,najnizja,najvisja,koncna,volumen,kapital
"Jul 24, 2017",0.144743,0.14583,0.140688,0.145329,139622.0,6660590.0
"Jul 25, 2017",0.145396,0.145532,0.119657,0.122638,143518.0,6690620.0
"Jul 26, 2017",0.122152,0.124112,0.113825,0.115802,114279.0,5621000.0
"Jul 27, 2017",0.114776,0.11556,0.1108,0.113802,121343.0,5281560.0
"Jul 28, 2017",0.114233,0.115352,0.109048,0.110813,108035.0,5256600.0
"Jul 29, 2017",0.109099,0.111488,0.103434,0.107915,121950.0,5020350.0
"Jul 30, 2017",0.10931,0.122936,0.10931,0.116912,123102.0,5030050.0
"Jul 31, 2017",0.117362,0.117402,0.111937,0.115905,103780.0,5400580.0
"Aug 01, 2017",0.116735,0.121222,0.112373,0.119936,124887.0,5371720.0
"Aug 02, 2017",0.119794,0.120002,0.101462,0.10511,173356.0,5512500.0
"Aug 03, 2017",0.105505,0.117454,0.103578,0.116881,160182.0,4854960.0
"Aug 04, 2017",0.11663,0.117555,0.109939,0.11156,140032.0,5366900.0
"Aug 05, 2017",0.11189,0.144275,0.11189,0.143328,172415.0,5148800.0
"Aug 06, 2017",0.14448,0.160956,0.143723,0.157708,164184.0,6648430.0
"Aug 07, 2017",0.157549,0.206724,0.154967,0.168169,203940.0,7249820.0
"Aug 08, 2017",0.171314,0.172255,0.152734,0.162515,185288.0,7883240.0
"Aug 09, 2017",0.163375,0.170439,0.152278,0.15307,173378.0,7517920.0
"Aug 10, 2017",0.152625,0.155935,0.135873,0.135873,203020.0,7023240.0
"Aug 11, 2017",0.136023,0.155311,0.13521,0.153169,207918.0,6259300.0
"Aug 12, 2017",0.152361,0.193371,0.152031,0.191229,289214.0,7011130.0
"Aug 13, 2017",0.191887,0.203257,0.170352,0.17382,252624.0,8829970.0
"Aug 14, 2017",0.174984,0.176701,0.166305,0.169175,198801.0,8052150.0
"Aug 15, 2017",0.169989,0.17166,0.149017,0.159652,207181.0,7822300.0
"Aug 16, 2017",0.15959,0.170918,0.157788,0.170918,198922.0,7343750.0
"Aug 17, 2017",0.170182,0.172382,0.155045,0.16302,204025.0,7831180.0
"Aug 18, 2017",0.163398,0.186865,0.160467,0.167663,278021.0,7519000.0
"Aug 19, 2017",0.167355,0.1699,0.159737,0.167845,170233.0,7701060.0
"Aug 20, 2017",0.166945,0.327097,0.163961,0.274852,2302260.0,7682230.0
"Aug 21, 2017",0.270162,0.301118,0.213871,0.230938,1217230.0,12431900.0
"Aug 22, 2017",0.227516,0.230606,0.192259,0.221828,309228.0,10469500.0
