datum,zacetna,najnizja,najvisja,koncna,volumen,kapital
"Aug 12, 2017",0.047864,0.047864,0.045914,0.046575,15715500.0,0.0
"Aug 13, 2017",0.047164,0.047164,0.042105,0.044792,8434260.0,0.0
"Aug 14, 2017",0.044507,0.046523,0.041266,0.04229,4628520.0,0.0
"Aug 15, 2017",0.042411,0.042555,0.035914,0.038827,7468410.0,0.0
"Aug 16, 2017",0.038781,0.039476,0.036722,0.037662,3645680.0,0.0
"Aug 17, 2017",0.037729,0.038974,0.032723,0.034003,2665620.0,0.0
"Aug 18, 2017",0.033987,0.033987,0.028372,0.030269,5162560.0,0.0
"Aug 19, 2017",0.030301,0.031761,0.026236,0.030737,5114310.0,0.0
"Aug 20, 2017",0.030452,0.036403,0.02879,0.033394,4773450.0,0.0
"Aug 21, 2017",0.033394,0.033394,0.029165,0.030231,2638780.0,0.0
"Aug 22, 2017",0.030407,0.030407,0.027794,0.02868,2013910.0,0.0
