datum,zacetna,najnizja,najvisja,koncna,volumen,kapital
2017-8-13,0.044685,0.053699,0.044685,0.053536,78892.0,0.0
2017-8-14,0.05357,0.054117,0.010973,0.034479,79642.0,0.0
2017-8-15,0.030795,0.037296,0.015377,0.037296,45242.0,0.0
2017-8-16,0.037337,0.046325,0.020803,0.042267,64075.0,0.0
2017-8-17,0.042228,0.048527,0.031143,0.031143,37967.0,0.0
2017-8-18,0.031049,0.039935,0.030995,0.0331,42494.0,0.0
2017-8-19,0.036974,0.041224,0.028414,0.03748,46688.0,0.0
2017-8-20,0.040164,0.057886,0.03967,0.057313,101465.0,0.0
2017-8-21,0.056971,0.074915,0.052886,0.072721,152195.0,0.0
2017-8-22,0.072975,0.072975,0.04623,0.060601,57835.0,0.0
2017-8-23,0.057764,0.066656,0.053839,0.061987,77870.0,0.0
2017-8-24,0.062015,0.064334,0.043354,0.052586,53643.0,0.0
2017-8-25,0.052496,0.065502,0.040705,0.045276,50487.0,0.0
2017-8-26,0.045363,0.062354,0.044117,0.054514,87694.0,0.0
