datum,zacetna,najnizja,najvisja,koncna,volumen,kapital
"Jul 31, 2017",0.054236,0.094208,0.050639,0.057186,14705.0,0.0
"Aug 01, 2017",0.057218,0.067221,0.043963,0.052116,8919.0,549294.0
"Aug 02, 2017",0.05214,0.078211,0.045025,0.063339,8340.0,502360.0
"Aug 03, 2017",0.06343,0.067635,0.05256,0.061934,8350.0,613353.0
"Aug 04, 2017",0.061943,0.078601,0.059196,0.066199,81333.0,601124.0
"Aug 05, 2017",0.064485,0.086369,0.061971,0.086369,179090.0,628038.0
"Aug 06, 2017",0.08779,0.090346,0.077187,0.08659,43930.0,856533.0
"Aug 07, 2017",0.086397,0.087499,0.071808,0.077151,44644.0,844143.0
"Aug 08, 2017",0.077229,0.094303,0.076789,0.079095,3923.0,755650.0
"Aug 09, 2017",0.079041,0.084205,0.063026,0.067455,5831.0,774483.0
"Aug 10, 2017",0.067461,0.07121,0.064437,0.069556,3361.0,661958.0
"Aug 11, 2017",0.069552,0.070025,0.044688,0.045701,10617.0,683437.0
"Aug 12, 2017",0.045666,0.066023,0.041786,0.055321,3463.0,449362.0
"Aug 13, 2017",0.05527,0.056469,0.033434,0.052772,4219.0,544385.0
"Aug 14, 2017",0.052806,0.085032,0.051749,0.070471,4432.0,520481.0
"Aug 15, 2017",0.070661,0.075714,0.064642,0.067797,1945.0,696960.0
"Aug 16, 2017",0.067872,0.068586,0.034537,0.065893,1012.0,669740.0
"Aug 17, 2017",0.065833,0.066643,0.047296,0.059414,2908.0,649619.0
"Aug 18, 2017",0.059233,0.063954,0.03824,0.046713,1905.0,585480.0
"Aug 19, 2017",0.046673,0.067179,0.046243,0.067053,1741.0,461660.0
"Aug 20, 2017",0.06674,0.074588,0.059205,0.066,728.0,660613.0
"Aug 21, 2017",0.065605,0.072107,0.06223,0.071531,1803.0,649840.0
"Aug 22, 2017",0.071697,0.073003,0.058497,0.073003,6062.0,710677.0
