datum,zacetna,najnizja,najvisja,koncna,volumen,kapital
"Aug 19, 2017",0.07149,0.079434,0.07149,0.071955,66229.0,0.0
"Aug 20, 2017",0.071955,0.089321,0.071494,0.081692,162184.0,0.0
"Aug 21, 2017",0.081692,0.089287,0.078617,0.085313,178897.0,0.0
"Aug 22, 2017",0.085354,0.089228,0.080367,0.080367,108779.0,0.0
