datum,zacetna,najnizja,najvisja,koncna,volumen,kapital
2017-7-28,0.000471,0.001946,0.000469,0.000493,0.0,232590.0
2017-7-29,0.000433,0.000454,0.000433,0.000449,58.0,213627.0
2017-7-30,0.000449,0.000457,0.000429,0.000441,57.0,221684.0
2017-8-06,0.002087,0.002169,0.002087,0.002109,0.0,1030650.0
2017-8-07,0.002109,0.00212,3.6e-05,3.7e-05,1.0,1041780.0
2017-8-08,3.7e-05,3.8e-05,3.6e-05,3.6e-05,1.0,18101.0
2017-8-14,0.000453,0.000453,0.000429,0.000429,36.0,223552.0
2017-8-15,0.000422,0.000483,0.000366,0.000458,38.0,208535.0
2017-8-17,0.001711,0.001814,0.00164,0.001765,0.0,845097.0
2017-8-18,0.001765,0.001813,0.001698,0.001737,0.0,871679.0
2017-8-19,4.5e-05,4.6e-05,4.3e-05,4.3e-05,0.0,22345.0
2017-8-20,4.3e-05,6.2e-05,4.2e-05,5.6e-05,0.0,21164.0
2017-8-21,0.00016,0.000212,0.000151,0.000159,48.0,79009.0
2017-8-22,0.000159,0.003143,0.000146,0.002928,0.0,78591.0
2017-8-23,0.002954,0.003468,0.002707,0.003004,758.0,1458670.0
2017-8-24,0.003001,0.003198,0.002904,0.003021,169.0,1482120.0
2017-8-25,0.002989,0.003014,0.002679,0.002748,398.0,1476030.0
2017-8-26,0.002764,0.002858,0.002759,0.002779,402.0,1365190.0
