datum,zacetna,najnizja,najvisja,koncna,volumen,kapital
"Jul 26, 2017",0.000424,0.000458,0.00042,0.000449,4.0,423.0
"Jul 27, 2017",0.000448,0.000457,0.000416,0.000439,4.0,448.0
"Jul 28, 2017",0.000436,0.000443,0.000391,0.000405,4.0,436.0
"Jul 31, 2017",0.000682,0.000717,0.000635,0.000647,1.0,682.0
"Aug 01, 2017",0.000645,0.000779,0.000621,0.000739,8.0,644.0
"Aug 02, 2017",0.000747,0.00091,0.000708,0.000877,2.0,746.0
"Aug 03, 2017",0.000874,0.000919,0.00084,0.000885,1.0,873.0
"Aug 04, 2017",0.000888,0.000921,0.000859,0.000865,1.0,887.0
"Aug 05, 2017",0.000863,0.000963,0.000847,0.000897,3.0,863.0
"Aug 06, 2017",0.000896,0.00095,0.00086,0.000864,1.0,895.0
"Aug 07, 2017",0.000864,0.000914,0.00085,0.000878,2.0,864.0
"Aug 08, 2017",0.000886,0.001395,0.00084,0.000842,0.0,885.0
"Aug 09, 2017",0.000838,0.000901,0.000816,0.000839,0.0,837.0
"Aug 10, 2017",0.000837,0.000855,0.000824,0.000836,0.0,836.0
"Aug 14, 2017",0.000553,0.000583,0.000549,0.000567,0.0,553.0
"Aug 15, 2017",0.000571,0.000774,0.000521,0.000714,0.0,570.0
"Aug 16, 2017",0.00071,0.000848,0.000669,0.00074,0.0,710.0
"Aug 17, 2017",0.001051,0.001118,0.001031,0.001056,0.0,1050.0
"Aug 18, 2017",0.001052,0.001084,0.000938,0.000957,0.0,1051.0
"Aug 19, 2017",0.000962,0.001,0.000906,0.000906,0.0,962.0
"Aug 20, 2017",0.000914,0.001113,0.000897,0.001101,26.0,913.0
"Aug 21, 2017",0.001077,0.001149,0.000979,0.001015,42.0,1077.0
"Aug 22, 2017",0.001016,0.001044,0.000921,0.001026,43.0,1015.0
