datum,zacetna,najnizja,najvisja,koncna,volumen,kapital
"Aug 07, 2017",0.61095,0.680615,0.610786,0.677659,8495.0,0.0
"Aug 08, 2017",0.678343,0.783416,0.403426,0.403719,28543.0,0.0
"Aug 09, 2017",0.403446,0.659057,0.399271,0.625179,2761.0,0.0
"Aug 10, 2017",0.635167,0.684772,0.415265,0.609892,56841.0,0.0
"Aug 11, 2017",0.611688,0.644087,0.469054,0.573759,4589.0,0.0
"Aug 12, 2017",0.573363,0.637629,0.487708,0.636514,13661.0,0.0
"Aug 13, 2017",0.635956,0.716653,0.631631,0.697417,17115.0,0.0
"Aug 14, 2017",0.697633,0.808374,0.697633,0.806625,35388.0,0.0
"Aug 15, 2017",0.80886,0.876863,0.411408,0.456242,73913.0,0.0
"Aug 16, 2017",0.456741,0.592164,0.413224,0.494511,8950.0,0.0
"Aug 17, 2017",0.494057,0.586461,0.447157,0.455824,1199.0,0.0
"Aug 18, 2017",0.454431,0.610272,0.415349,0.461034,70852.0,0.0
"Aug 19, 2017",0.460644,0.501726,0.329873,0.333585,93024.0,0.0
"Aug 20, 2017",0.340099,0.340534,0.324365,0.327869,4986.0,0.0
"Aug 21, 2017",0.325909,0.58246,0.314381,0.337048,50731.0,0.0
"Aug 22, 2017",0.372095,0.535285,0.260524,0.267386,9946.0,0.0
