datum,zacetna,najnizja,najvisja,koncna,volumen,kapital
2017-7-28,0.183279,0.189002,0.163875,0.172468,163946.0,2965450.0
2017-7-29,0.170631,0.174578,0.15871,0.166735,67863.0,2760800.0
2017-7-30,0.16761,0.178142,0.159608,0.173291,98520.0,2711930.0
2017-7-31,0.173494,0.173954,0.15823,0.16243,73861.0,2807140.0
2017-8-01,0.162089,0.18697,0.153538,0.183023,148554.0,2622600.0
2017-8-02,0.182709,0.241716,0.181304,0.220068,550275.0,2956240.0
2017-8-03,0.220335,0.222716,0.201551,0.209345,257616.0,3565010.0
2017-8-04,0.209311,0.213378,0.195886,0.203164,150305.0,3386660.0
2017-8-05,0.202235,0.232938,0.192236,0.222842,198116.0,3272170.0
2017-8-06,0.220624,0.226286,0.210206,0.211396,113637.0,3569690.0
2017-8-07,0.210925,0.218065,0.194654,0.203546,163409.0,3412760.0
2017-8-08,0.203742,0.21801,0.200182,0.208034,118534.0,3296550.0
2017-8-09,0.208132,0.210222,0.19676,0.206232,76254.0,3367580.0
2017-8-10,0.206251,0.209875,0.189328,0.189328,134436.0,3337140.0
2017-8-11,0.189917,0.195967,0.178176,0.187609,96441.0,3072860.0
2017-8-12,0.187626,0.193634,0.174412,0.184097,208500.0,3035790.0
2017-8-13,0.180188,0.186479,0.16698,0.168197,187464.0,2915440.0
2017-8-14,0.168304,0.189659,0.136533,0.158195,380181.0,2723170.0
2017-8-15,0.158621,0.168935,0.136773,0.151851,267983.0,2566480.0
2017-8-16,0.152018,0.179648,0.144315,0.160172,325125.0,2459650.0
2017-8-17,0.162133,0.162133,0.142645,0.148061,154454.0,2623310.0
2017-8-18,0.146568,0.149525,0.124669,0.126109,156340.0,2371470.0
2017-8-19,0.125999,0.136217,0.110282,0.126648,241912.0,2038670.0
2017-8-20,0.126059,0.18642,0.122464,0.160053,602609.0,2039640.0
2017-8-21,0.159137,0.176748,0.147482,0.151639,181804.0,2574840.0
2017-8-22,0.152128,0.152128,0.136146,0.144975,55552.0,2461430.0
2017-8-23,0.144693,0.164084,0.140503,0.156534,77604.0,2341130.0
2017-8-24,0.157749,0.195554,0.154111,0.16782,219633.0,2552380.0
2017-8-25,0.164947,0.182097,0.15691,0.167232,158468.0,2668830.0
2017-8-26,0.168549,0.17218,0.161562,0.168104,165762.0,2727130.0
