datum,zacetna,najnizja,najvisja,koncna,volumen,kapital
2017-8-09,0.251236,0.281976,0.157729,0.201827,43022.0,0.0
2017-8-10,0.201152,0.277662,0.168964,0.214279,35421.0,0.0
2017-8-11,0.214079,0.329484,0.212448,0.301906,35813.0,8778110.0
2017-8-12,0.315254,0.371125,0.2472,0.261861,36966.0,12926700.0
2017-8-13,0.268736,0.276341,0.235173,0.257518,31948.0,11019300.0
2017-8-14,0.251036,0.2591,0.170613,0.233278,33987.0,10293500.0
2017-8-15,0.229692,0.232438,0.160096,0.212996,31177.0,9418310.0
2017-8-16,0.214449,0.240051,0.200381,0.216108,33228.0,8793270.0
2017-8-17,0.217349,0.230905,0.153961,0.2052,37747.0,8912190.0
2017-8-18,0.203774,0.223378,0.158905,0.188694,37931.0,8355590.0
2017-8-19,0.17463,0.209308,0.17463,0.198699,34051.0,7160540.0
2017-8-20,0.197894,0.199836,0.174791,0.190012,33617.0,8114470.0
2017-8-21,0.189804,0.210694,0.163467,0.183945,52752.0,7782760.0
2017-8-22,0.173363,0.201624,0.153298,0.186447,33810.0,7108580.0
2017-8-23,0.180914,0.197839,0.172196,0.182531,37181.0,7418200.0
2017-8-24,0.182891,0.19336,0.145859,0.161321,41790.0,7499290.0
2017-8-25,0.163915,0.194747,0.163915,0.178097,44285.0,6721190.0
2017-8-26,0.174999,0.190425,0.156384,0.185938,39118.0,7175690.0
