datum,zacetna,najnizja,najvisja,koncna,volumen,kapital
2017-7-28,0.148782,0.152477,0.136833,0.141655,52158.0,9897200.0
2017-7-29,0.141118,0.146028,0.132639,0.14211,36619.0,9387380.0
2017-7-30,0.14209,0.144764,0.133211,0.140497,24829.0,9452040.0
2017-7-31,0.140641,0.1591,0.138005,0.154289,50057.0,9355650.0
2017-8-01,0.154363,0.165114,0.135001,0.154947,60861.0,10268500.0
2017-8-02,0.155844,0.191231,0.154935,0.177677,141632.0,10367000.0
2017-8-03,0.177995,0.197316,0.169633,0.172322,190820.0,11840500.0
2017-8-04,0.172279,0.184664,0.168747,0.174518,112143.0,11460300.0
2017-8-05,0.17444,0.201166,0.173676,0.194172,65671.0,11604000.0
2017-8-06,0.194219,0.205952,0.190687,0.195303,75181.0,12919700.0
2017-8-07,0.194852,0.20695,0.183705,0.183705,123536.0,12961800.0
2017-8-08,0.185546,0.207666,0.177346,0.202966,95550.0,12342800.0
2017-8-09,0.199474,0.219182,0.185583,0.206966,126162.0,13269400.0
2017-8-10,0.206986,0.233456,0.204312,0.210034,312856.0,13769100.0
2017-8-11,0.211316,0.216912,0.181958,0.215769,162725.0,14057000.0
2017-8-12,0.20364,0.233401,0.1975,0.228366,183097.0,13546500.0
2017-8-13,0.228895,0.277159,0.223299,0.267785,555547.0,15226400.0
2017-8-14,0.268516,0.278075,0.211394,0.228075,525007.0,17862100.0
2017-8-15,0.232012,0.244263,0.205885,0.208645,298087.0,15433800.0
2017-8-16,0.208604,0.250694,0.199501,0.233582,452444.0,13876700.0
2017-8-17,0.230287,0.25377,0.218584,0.219847,227032.0,15319100.0
2017-8-18,0.219175,0.226459,0.194372,0.196027,125730.0,14579900.0
2017-8-19,0.19586,0.205245,0.186082,0.201439,96353.0,13028900.0
2017-8-20,0.200498,0.252928,0.194755,0.243818,218450.0,13337500.0
2017-8-21,0.240945,0.252391,0.227693,0.227693,205631.0,16028100.0
2017-8-22,0.228212,0.228212,0.200858,0.219724,148854.0,15181000.0
2017-8-23,0.219272,0.261792,0.218204,0.245553,230532.0,14586300.0
2017-8-24,0.245748,0.250344,0.231345,0.239137,157141.0,16347500.0
2017-8-25,0.239081,0.25256,0.235247,0.239812,117429.0,15904100.0
2017-8-26,0.240273,0.245757,0.233878,0.241393,115497.0,15983400.0
