datum,zacetna,najnizja,najvisja,koncna,volumen,kapital
"Jul 24, 2017",0.000552,0.000587,0.000466,0.000579,2542.0,1490460.0
"Jul 25, 2017",0.000579,0.000583,0.000443,0.000461,1912.0,1564810.0
"Jul 26, 2017",0.000461,0.000573,0.000434,0.000453,1925.0,1245850.0
"Jul 27, 2017",0.000455,0.000568,0.000453,0.000557,936.0,1228360.0
"Jul 28, 2017",0.000559,0.000622,0.000465,0.000503,6936.0,1510100.0
"Jul 29, 2017",0.000501,0.00062,0.000456,0.000544,1990.0,1354980.0
"Jul 30, 2017",0.000544,0.000625,0.000472,0.0006,3668.0,1468840.0
"Jul 31, 2017",0.000519,0.000687,0.000512,0.000687,3170.0,1402800.0
"Aug 01, 2017",0.000687,0.000687,0.000514,0.000519,2778.0,1856330.0
"Aug 02, 2017",0.000519,0.000594,0.000479,0.000594,1874.0,1402080.0
"Aug 03, 2017",0.000595,0.000599,0.000503,0.000528,1834.0,1607340.0
"Aug 04, 2017",0.000528,0.000606,0.000509,0.000514,1090.0,1426760.0
"Aug 05, 2017",0.000514,0.000682,0.000513,0.000682,4541.0,1388680.0
"Aug 06, 2017",0.000683,0.00069,0.000568,0.000613,6234.0,1844480.0
"Aug 07, 2017",0.000612,0.000704,0.000503,0.000508,9211.0,1653220.0
"Aug 08, 2017",0.000509,0.000652,0.000505,0.000616,5495.0,1375000.0
"Aug 09, 2017",0.000615,0.00067,0.000563,0.000669,5994.0,1662870.0
"Aug 10, 2017",0.000669,0.000689,0.000609,0.000615,1863.0,1806710.0
"Aug 11, 2017",0.000615,0.000739,0.000612,0.000729,2053.0,1661630.0
"Aug 12, 2017",0.000729,0.000755,0.00065,0.000702,2219.0,1969280.0
"Aug 13, 2017",0.000702,0.000797,0.000675,0.00069,4990.0,1895890.0
"Aug 14, 2017",0.000691,0.000737,0.000634,0.00069,11335.0,1866940.0
"Aug 15, 2017",0.000692,0.000749,0.000589,0.000669,8186.0,1870850.0
"Aug 16, 2017",0.000669,0.000714,0.000604,0.000661,5157.0,1808730.0
"Aug 17, 2017",0.000661,0.000671,0.000507,0.000558,3119.0,1785440.0
"Aug 18, 2017",0.000556,0.000683,0.000491,0.000494,9885.0,1503200.0
"Aug 19, 2017",0.000493,0.000627,0.000441,0.000541,12507.0,1333430.0
"Aug 20, 2017",0.000539,0.000577,0.000486,0.000529,10437.0,1456080.0
"Aug 21, 2017",0.000487,0.000565,0.000446,0.000561,4444.0,1315530.0
"Aug 22, 2017",0.000563,0.000573,0.000427,0.000573,2558.0,1522590.0
