datum,zacetna,najnizja,najvisja,koncna,volumen,kapital
2017-7-28,1.12,1.37,1.1,1.32,43935.0,17887600.0
2017-7-29,1.33,1.34,0.672585,0.706319,63629.0,21250400.0
2017-7-30,0.71561,1.08,0.670922,0.827964,75086.0,11444400.0
2017-7-31,0.823171,0.832141,0.533435,0.56722,21381.0,13164600.0
2017-8-01,0.603819,0.828689,0.477198,0.799896,21641.0,9656580.0
2017-8-02,0.831081,0.979514,0.73454,0.933865,19401.0,13291100.0
2017-8-03,0.942746,1.05,0.73722,0.743259,8624.0,15076900.0
2017-8-04,0.855452,1.02,0.852496,0.979516,36605.0,13680800.0
2017-8-05,0.984712,1.04,0.954316,0.986041,21597.0,15647600.0
2017-8-06,1.0,1.33,0.919195,0.976838,18556.0,15946400.0
2017-8-07,0.982343,1.01,0.806086,0.850347,10218.0,15609900.0
2017-8-08,0.8644,0.99919,0.829513,0.975413,14950.0,13735700.0
2017-8-09,0.953753,1.07,0.941077,1.04,19954.0,15155600.0
2017-8-10,1.03,1.09,0.958033,0.997395,50495.0,16303700.0
2017-8-11,0.996249,1.15,0.979024,1.12,38978.0,15830900.0
2017-8-12,1.12,1.18,1.09,1.13,39747.0,17846100.0
2017-8-13,1.1,1.3,0.9842,1.23,114709.0,17452800.0
2017-8-14,1.23,1.23,1.16,1.17,105007.0,19501100.0
2017-8-15,1.17,1.23,1.06,1.06,57843.0,18513000.0
2017-8-16,1.06,1.17,0.963334,1.09,47321.0,16904900.0
2017-8-17,1.09,1.1,0.994884,1.04,97854.0,17344500.0
2017-8-18,1.04,1.05,0.980798,1.03,50972.0,16453000.0
2017-8-19,1.03,1.08,0.876315,0.984844,24707.0,16379400.0
2017-8-20,0.990466,0.990491,0.857481,0.891413,14988.0,15739000.0
2017-8-21,0.879301,0.969218,0.845251,0.924508,19777.0,13972500.0
2017-8-22,0.919188,0.936333,0.845748,0.900528,11915.0,14606400.0
2017-8-23,0.898826,0.98002,0.878319,0.936388,19431.0,14282800.0
2017-8-24,0.942583,1.06,0.89845,0.900137,31084.0,14978100.0
2017-8-25,0.890298,0.992596,0.884689,0.96733,94047.0,14147300.0
2017-8-26,0.967815,0.976073,0.756869,0.766336,75213.0,15379100.0
