datum,zacetna,najnizja,najvisja,koncna,volumen,kapital
2017-7-28,0.16884,0.17663,0.160196,0.173029,277.0,0.0
2017-7-29,0.173029,0.20138,0.140714,0.148936,373.0,0.0
2017-7-30,0.148936,0.169603,0.147898,0.163836,263.0,0.0
2017-7-31,0.163989,0.164545,0.160562,0.162484,261.0,0.0
2017-8-01,0.164903,0.185818,0.156545,0.185818,87.0,0.0
2017-8-02,0.185818,0.185818,0.160013,0.175475,161.0,0.0
2017-8-03,0.174625,0.178397,0.172569,0.177213,163.0,0.0
2017-8-04,0.187266,0.195608,0.168173,0.195608,167.0,0.0
2017-8-05,0.194769,0.207358,0.166817,0.189064,473.0,0.0
2017-8-06,0.189064,0.22154,0.181368,0.189851,243.0,0.0
2017-8-07,0.189852,0.225,0.156297,0.156297,55.0,0.0
2017-8-08,0.156297,0.196887,0.156297,0.185658,1095.0,0.0
2017-8-09,0.185658,0.190038,0.162171,0.163694,372.0,0.0
2017-8-10,0.163694,0.184981,0.155354,0.163814,15028.0,0.0
2017-8-11,0.163814,0.213234,0.163814,0.181941,544.0,0.0
2017-8-12,0.181941,0.194598,0.175291,0.180329,4254.0,0.0
2017-8-13,0.180326,0.250966,0.161941,0.246158,16267.0,0.0
2017-8-14,0.246158,0.246158,0.177891,0.180885,2472.0,0.0
2017-8-15,0.180885,0.188286,0.17623,0.182416,38.0,0.0
2017-8-16,0.188178,0.189836,0.186153,0.187536,45.0,0.0
2017-8-17,0.187536,0.194986,0.135646,0.181864,1576.0,0.0
2017-8-18,0.181864,0.186892,0.125524,0.126065,16045.0,0.0
2017-8-19,0.126065,0.19991,0.123462,0.199685,266.0,0.0
2017-8-20,0.199152,0.199152,0.168683,0.172623,233.0,0.0
2017-8-21,0.172623,0.196743,0.170339,0.19644,34403.0,0.0
2017-8-22,0.196527,0.224537,0.194139,0.206901,32689.0,5895820.0
2017-8-23,0.206979,0.298177,0.206929,0.238149,92472.0,6209370.0
2017-8-24,0.23821,0.291057,0.210067,0.210415,16435.0,7146290.0
2017-8-25,0.210397,0.223269,0.17948,0.209721,27461.0,6311920.0
2017-8-26,0.209748,0.229997,0.201935,0.227245,39362.0,6292440.0
