datum,zacetna,najnizja,najvisja,koncna,volumen,kapital
2017-7-28,0.136116,0.13711,0.124498,0.126194,235584.0,9528120.0
2017-7-29,0.12585,0.13554,0.116137,0.13527,226791.0,8809490.0
2017-7-30,0.135397,0.136677,0.118842,0.126511,195561.0,9477770.0
2017-7-31,0.126821,0.12975,0.118797,0.12233,225371.0,8877460.0
2017-8-01,0.12179,0.164291,0.12179,0.139104,444119.0,8525270.0
2017-8-02,0.13901,0.157257,0.138185,0.143026,308632.0,9730730.0
2017-8-03,0.145094,0.172945,0.143734,0.172694,252947.0,10156600.0
2017-8-04,0.172383,0.235286,0.164606,0.205119,1387390.0,12066800.0
2017-8-05,0.203682,0.270267,0.197502,0.233252,1634040.0,14257700.0
2017-8-06,0.234402,0.241773,0.198691,0.238502,709378.0,16408100.0
2017-8-07,0.234196,0.276624,0.214256,0.259831,1274540.0,16393700.0
2017-8-08,0.261064,0.268692,0.227958,0.262313,724702.0,18274500.0
2017-8-09,0.262173,0.262827,0.226678,0.229137,599558.0,18352100.0
2017-8-10,0.229248,0.249212,0.205724,0.205979,913865.0,16047300.0
2017-8-11,0.207107,0.321786,0.202979,0.303826,2571810.0,14497500.0
2017-8-12,0.303464,0.391706,0.285476,0.374382,3499850.0,21242500.0
2017-8-13,0.379024,0.402,0.289761,0.321389,1687580.0,26531700.0
2017-8-14,0.320238,0.357454,0.262228,0.295079,1191940.0,22416700.0
2017-8-15,0.292876,0.31451,0.272047,0.305907,929176.0,20501300.0
2017-8-16,0.306297,0.306297,0.279027,0.302128,686979.0,21440800.0
2017-8-17,0.299102,0.368501,0.28248,0.317524,1437470.0,20937100.0
2017-8-18,0.314609,0.33571,0.275562,0.291684,1027710.0,22022700.0
2017-8-19,0.291509,0.302551,0.276233,0.302014,609392.0,20405700.0
2017-8-20,0.302536,0.329492,0.290951,0.324632,762936.0,21177500.0
2017-8-21,0.323455,0.324479,0.285958,0.29652,693995.0,22641800.0
2017-8-22,0.297838,0.300365,0.245582,0.286267,611758.0,20848700.0
2017-8-23,0.285603,0.307692,0.283329,0.299098,591179.0,19992200.0
2017-8-24,0.301962,0.366377,0.288781,0.348439,2774610.0,21137300.0
2017-8-25,0.347185,0.417513,0.340759,0.366082,2849550.0,24302900.0
2017-8-26,0.361793,0.377416,0.355871,0.366953,801033.0,25325500.0
