datum,zacetna,najnizja,najvisja,koncna,volumen,kapital
2017-7-28,0.058956,0.069745,0.049286,0.052318,71573.0,33015200.0
2017-7-29,0.052398,0.06759,0.045917,0.059725,84026.0,29343000.0
2017-7-30,0.059584,0.068006,0.048596,0.049772,48348.0,33367200.0
2017-7-31,0.049901,0.058405,0.044214,0.050284,56073.0,27944500.0
2017-8-01,0.050287,0.076106,0.05007,0.05437,59912.0,28160700.0
2017-8-02,0.05439,0.056018,0.047933,0.052083,72228.0,30458200.0
2017-8-03,0.051811,0.053315,0.041788,0.050027,56625.0,29014300.0
2017-8-04,0.050172,0.051846,0.041741,0.051493,73047.0,28096500.0
2017-8-05,0.051383,0.096439,0.050896,0.051048,80107.0,28774300.0
2017-8-06,0.051077,0.068709,0.048803,0.049815,66150.0,28603100.0
2017-8-07,0.048838,0.056983,0.048443,0.052028,100981.0,27349200.0
2017-8-08,0.051917,0.058117,0.049075,0.056982,68132.0,29073600.0
2017-8-09,0.057178,0.065998,0.050239,0.053576,49864.0,32019600.0
2017-8-10,0.053488,0.056562,0.040561,0.053885,75812.0,29953300.0
2017-8-11,0.052773,0.088609,0.050923,0.085166,203012.0,29552700.0
2017-8-12,0.084864,0.133596,0.084864,0.103991,322230.0,47523900.0
2017-8-13,0.104913,0.123022,0.098877,0.117927,139098.0,58751500.0
2017-8-14,0.120157,0.137055,0.116641,0.128432,267266.0,67288100.0
2017-8-15,0.128946,0.143179,0.113484,0.123949,205990.0,72210000.0
2017-8-16,0.124252,0.142882,0.116304,0.142882,276999.0,69581100.0
2017-8-17,0.142873,0.193484,0.142068,0.186072,474601.0,80009200.0
2017-8-18,0.187397,0.189819,0.144283,0.145641,260667.0,104942000.0
2017-8-19,0.145784,0.168818,0.140578,0.161166,277847.0,81638800.0
2017-8-20,0.160494,0.180636,0.142895,0.149056,219065.0,89876700.0
2017-8-21,0.148771,0.156654,0.124149,0.125976,137356.0,83312000.0
2017-8-22,0.127181,0.138634,0.120034,0.12695,110081.0,71221100.0
2017-8-23,0.126565,0.391956,0.126565,0.133264,177187.0,70876400.0
2017-8-24,0.131188,0.145187,0.12492,0.128459,320921.0,73465300.0
2017-8-25,0.127969,0.137592,0.112107,0.121537,114688.0,71662800.0
2017-8-26,0.122296,0.136435,0.115551,0.121859,98620.0,68486000.0
