datum,zacetna,najnizja,najvisja,koncna,volumen,kapital
2017-7-28,0.239222,0.240771,0.206836,0.217512,57049.0,19603500.0
2017-7-29,0.217289,0.221022,0.198964,0.215633,157470.0,17806200.0
2017-7-30,0.21577,0.216933,0.197405,0.212274,40325.0,17681700.0
2017-7-31,0.212443,0.217507,0.182156,0.214591,18715.0,17409100.0
2017-8-01,0.214682,0.219159,0.201847,0.204257,35320.0,17502800.0
2017-8-02,0.204187,0.204524,0.187472,0.191639,68274.0,16647100.0
2017-8-03,0.189465,0.218866,0.162648,0.192818,84820.0,15446900.0
2017-8-04,0.194526,0.196033,0.176366,0.195195,21895.0,15859500.0
2017-8-05,0.195187,0.212295,0.19427,0.20878,13560.0,15913400.0
2017-8-06,0.208581,0.224631,0.202545,0.221675,15247.0,17005400.0
2017-8-07,0.221396,0.225361,0.199019,0.203903,16853.0,18050200.0
2017-8-08,0.204046,0.207332,0.200386,0.202761,22202.0,16635700.0
2017-8-09,0.202984,0.203361,0.161654,0.162399,77343.0,16549100.0
2017-8-10,0.162294,0.200153,0.148933,0.193181,28811.0,13231700.0
2017-8-11,0.193874,0.202232,0.190161,0.1989,64522.0,15806300.0
2017-8-12,0.198615,0.210108,0.18993,0.193773,66540.0,16192800.0
2017-8-13,0.193766,0.19575,0.1749,0.189558,105891.0,15797600.0
2017-8-14,0.189748,0.200804,0.189495,0.197548,49177.0,15469900.0
2017-8-15,0.197897,0.197929,0.181555,0.190366,40097.0,16134300.0
2017-8-16,0.190775,0.191352,0.178664,0.182492,38372.0,15553600.0
2017-8-17,0.182588,0.183487,0.166542,0.175402,34039.0,14886200.0
2017-8-18,0.174986,0.189981,0.174718,0.182725,25248.0,14266400.0
2017-8-19,0.182684,0.191726,0.179862,0.190388,22454.0,14894000.0
2017-8-20,0.189774,0.189992,0.183604,0.188154,34633.0,15472000.0
2017-8-21,0.187803,0.192415,0.166165,0.183829,56161.0,15311300.0
2017-8-22,0.183914,0.192862,0.168549,0.187368,63549.0,14994300.0
2017-8-23,0.186995,0.199233,0.177412,0.178804,64997.0,15245500.0
2017-8-24,0.178895,0.190272,0.174877,0.189426,31563.0,14585100.0
2017-8-25,0.18939,0.197006,0.188194,0.196062,37301.0,15440700.0
2017-8-26,0.196489,0.209361,0.196322,0.205991,61797.0,16019500.0
