datum,zacetna,najnizja,najvisja,koncna,volumen,kapital
"Jul 24, 2017",0.271731,0.272565,0.225008,0.254528,80211.0,20646800.0
"Jul 25, 2017",0.254487,0.268583,0.200262,0.233953,31122.0,19341000.0
"Jul 26, 2017",0.231911,0.401817,0.218733,0.251565,26235.0,17625600.0
"Jul 27, 2017",0.252414,0.297323,0.226112,0.235267,46236.0,19183900.0
"Jul 28, 2017",0.235566,0.29244,0.209768,0.209768,9352.0,17903400.0
"Jul 29, 2017",0.207806,0.232491,0.192578,0.230163,13222.0,15793600.0
"Jul 30, 2017",0.229697,0.245572,0.042757,0.241181,17732.0,17457300.0
"Jul 31, 2017",0.241791,0.242271,0.19263,0.234762,37698.0,18376500.0
"Aug 01, 2017",0.235133,0.252764,0.198642,0.248989,24343.0,17870500.0
"Aug 02, 2017",0.24841,0.250679,0.196511,0.244322,17695.0,18879500.0
"Aug 03, 2017",0.2465,0.251045,0.212207,0.237721,9644.0,18734400.0
"Aug 04, 2017",0.237853,0.24844,0.201366,0.201768,40626.0,18077200.0
"Aug 05, 2017",0.201685,0.248469,0.155994,0.245326,41305.0,15328400.0
"Aug 06, 2017",0.247171,0.253357,0.216657,0.217805,67338.0,18785400.0
"Aug 07, 2017",0.217404,0.340235,0.19735,0.283352,143049.0,16523000.0
"Aug 08, 2017",0.283377,0.322694,0.282065,0.315128,33542.0,21537100.0
"Aug 09, 2017",0.31593,0.341646,0.289978,0.31369,50952.0,24011200.0
"Aug 10, 2017",0.313099,0.329288,0.286957,0.315641,114676.0,23811700.0
"Aug 11, 2017",0.315345,0.389008,0.242306,0.368926,162886.0,24014000.0
"Aug 12, 2017",0.367485,0.380463,0.31401,0.345874,79762.0,27984600.0
"Aug 13, 2017",0.346476,0.592249,0.328588,0.590926,354003.0,26384900.0
"Aug 14, 2017",0.59275,1.26,0.414615,0.461258,445312.0,45139100.0
"Aug 15, 2017",0.463228,0.802939,0.434831,0.522911,140614.0,35414700.0
"Aug 16, 2017",0.524367,0.530396,0.464545,0.519322,69935.0,40089200.0
"Aug 17, 2017",0.519428,0.600597,0.461619,0.515224,142826.0,39711600.0
"Aug 18, 2017",0.511973,0.535905,0.321545,0.466335,150000.0,39167200.0
"Aug 19, 2017",0.466334,0.484116,0.410643,0.443262,81691.0,35675700.0
"Aug 20, 2017",0.441466,0.470256,0.420921,0.450013,99226.0,33773300.0
"Aug 21, 2017",0.450122,0.605012,0.328839,0.400059,71903.0,34435500.0
"Aug 22, 2017",0.584849,1.28,0.414403,0.41627,96734.0,44771700.0
