datum,zacetna,najnizja,najvisja,koncna,volumen,kapital
2017-8-11,0.000343,0.017176,0.000343,0.017166,37972.0,1742.0
2017-8-12,0.017153,0.269787,0.015885,0.058122,182523.0,87883.0
2017-8-13,0.073797,0.089192,0.044201,0.060055,44499.0,383118.0
2017-8-14,0.060096,0.060096,0.019206,0.026654,21020.0,315085.0
2017-8-15,0.026724,0.028028,0.020052,0.022069,6735.0,141121.0
2017-8-16,0.022094,0.024327,0.015996,0.016517,6520.0,117445.0
2017-8-17,0.016501,0.050411,0.016256,0.034837,32106.0,87762.0
2017-8-18,0.034732,0.060924,0.034694,0.042373,27078.0,185104.0
2017-8-19,0.04234,0.050284,0.033322,0.049132,12809.0,226201.0
2017-8-20,0.049171,0.057117,0.040258,0.040953,9980.0,263042.0
2017-8-21,0.044772,0.054443,0.040237,0.040309,8094.0,239525.0
2017-8-22,0.040399,0.044528,0.038388,0.040979,3224.0,216324.0
2017-8-23,0.040896,0.050972,0.019024,0.019236,7744.0,219094.0
2017-8-24,0.019244,0.037755,0.019224,0.036807,3898.0,103097.0
2017-8-25,0.036749,0.043659,0.028283,0.036935,7210.0,196879.0
2017-8-26,0.037006,0.039337,0.032355,0.035204,2499.0,198839.0
