datum,zacetna,najnizja,najvisja,koncna,volumen,kapital
2017-8-09,0.008186,0.010938,0.005489,0.01068,1063.0,188292.0
2017-8-10,0.010714,0.016415,0.009929,0.010118,577.0,246431.0
2017-8-11,0.010201,0.016687,0.00946,0.015281,3913.0,234635.0
2017-8-12,0.015279,0.025826,0.00904,0.02467,607.0,351424.0
2017-8-13,0.024767,0.025132,0.011573,0.020028,901.0,606814.0
2017-8-14,0.019954,0.030218,0.012864,0.027993,1264.0,584682.0
2017-8-15,0.027573,0.028893,0.016715,0.026216,1000.0,807908.0
2017-8-16,0.026592,0.031735,0.026135,0.027649,1682.0,779182.0
2017-8-17,0.027759,0.03215,0.020466,0.030901,466.0,813359.0
2017-8-18,0.03091,0.063424,0.029834,0.056741,397.0,1091150.0
2017-8-19,0.056799,0.061072,0.022474,0.06002,307.0,2005050.0
2017-8-20,0.060057,0.079053,0.027942,0.04149,353.0,2120070.0
2017-8-21,0.043934,0.097102,0.03653,0.036576,1258.0,1550890.0
2017-8-22,0.036601,0.067947,0.033083,0.0334,47.0,1292040.0
2017-8-23,0.039063,0.041242,0.035543,0.035718,792.0,1378950.0
2017-8-24,0.035688,0.03803,0.034533,0.035853,88.0,1259830.0
2017-8-25,0.036034,0.056838,0.029387,0.056532,94.0,1272040.0
2017-8-26,0.056421,0.084233,0.039168,0.040505,1720.0,1991700.0
