datum,zacetna,najnizja,najvisja,koncna,volumen,kapital
"Jul 24, 2017",0.03024,0.043976,0.026065,0.03462,10387.0,2666690.0
"Jul 25, 2017",0.034629,0.035729,0.017216,0.027239,23866.0,3053740.0
"Jul 26, 2017",0.027109,0.030158,0.019837,0.022342,18718.0,2390560.0
"Jul 27, 2017",0.022411,0.030014,0.020566,0.0229,18440.0,1976310.0
"Jul 28, 2017",0.022954,0.027063,0.018383,0.026827,30401.0,2024190.0
"Jul 29, 2017",0.026891,0.027267,0.018269,0.020383,2023.0,2371310.0
"Jul 30, 2017",0.020554,0.028628,0.01436,0.019537,7495.0,1812550.0
"Jul 31, 2017",0.019562,0.043001,0.015234,0.01947,24082.0,1725010.0
"Aug 01, 2017",0.0195,0.025131,0.0195,0.024,23821.0,1719610.0
"Aug 02, 2017",0.024008,0.024451,0.01727,0.017311,4292.0,2117150.0
"Aug 03, 2017",0.017282,0.024462,0.015264,0.024446,11436.0,1524020.0
"Aug 04, 2017",0.024459,0.024503,0.013653,0.023437,27787.0,2156910.0
"Aug 05, 2017",0.023427,0.02422,0.019472,0.020349,15975.0,2065870.0
"Aug 06, 2017",0.020459,0.025062,0.018489,0.02288,16184.0,1804120.0
"Aug 07, 2017",0.022835,0.02806,0.022167,0.026762,23965.0,2013640.0
"Aug 08, 2017",0.026765,0.026765,0.020421,0.025851,21298.0,2360240.0
"Aug 09, 2017",0.025889,0.029098,0.021907,0.023502,27702.0,2283010.0
"Aug 10, 2017",0.023474,0.027263,0.018941,0.018941,8719.0,2069980.0
"Aug 11, 2017",0.018932,0.025558,0.014583,0.022831,30076.0,1669450.0
"Aug 12, 2017",0.022609,0.025935,0.019618,0.022749,10850.0,1993760.0
"Aug 13, 2017",0.022703,0.029181,0.019974,0.027951,11678.0,2002060.0
"Aug 14, 2017",0.028017,0.036501,0.026148,0.031033,27704.0,2470640.0
"Aug 15, 2017",0.030905,0.035717,0.024914,0.030177,21919.0,2725320.0
"Aug 16, 2017",0.030251,0.034081,0.026746,0.029074,22487.0,2667610.0
"Aug 17, 2017",0.029071,0.03325,0.024933,0.028495,36803.0,2563620.0
"Aug 18, 2017",0.028418,0.039521,0.024401,0.029785,24332.0,2506030.0
"Aug 19, 2017",0.029776,0.039311,0.029776,0.036076,11462.0,2625730.0
"Aug 20, 2017",0.035915,0.046003,0.029806,0.032022,13938.0,3167130.0
"Aug 21, 2017",0.031948,0.03716,0.026637,0.028831,12046.0,2817260.0
"Aug 22, 2017",0.02875,0.146978,0.027804,0.02868,22595.0,2535260.0
