datum,zacetna,najnizja,najvisja,koncna,volumen,kapital
"Aug 19, 2017",0.005047,0.005057,0.004921,0.005057,1761.0,0.0
"Aug 20, 2017",0.005057,0.005623,0.004516,0.005492,1432.0,0.0
"Aug 21, 2017",0.005492,0.005492,0.00512,0.005165,437.0,0.0
"Aug 22, 2017",0.005165,0.005526,0.00483,0.005368,617.0,0.0
