datum,zacetna,najnizja,najvisja,koncna,volumen,kapital
"Aug 14, 2017",0.081579,0.258037,0.07263,0.119063,19467.0,0.0
"Aug 15, 2017",0.119383,0.207458,0.070176,0.207458,7410.0,49737.0
"Aug 16, 2017",0.223553,0.225907,0.102864,0.123045,12876.0,95091.0
"Aug 17, 2017",0.122931,0.130724,0.085877,0.097879,5448.0,53465.0
"Aug 18, 2017",0.09758,0.124797,0.088325,0.111025,3820.0,43405.0
"Aug 19, 2017",0.11093,0.186163,0.107156,0.166459,11702.0,50508.0
"Aug 20, 2017",0.16659,0.727548,0.143032,0.537094,69097.0,76900.0
"Aug 21, 2017",0.533516,0.624101,0.21483,0.339453,22912.0,247852.0
"Aug 22, 2017",0.340239,0.439881,0.212548,0.25672,4926.0,158777.0
