datum,zacetna,najnizja,najvisja,koncna,volumen,kapital
"Jul 24, 2017",0.04579,0.062101,0.045769,0.057644,337190.0,15172900.0
"Jul 25, 2017",0.057275,0.058897,0.042384,0.045292,282727.0,18978600.0
"Jul 26, 2017",0.045191,0.047275,0.042533,0.047275,171148.0,14974600.0
"Jul 27, 2017",0.047795,0.050795,0.045546,0.048579,200187.0,15837200.0
"Jul 28, 2017",0.048678,0.049607,0.040532,0.043104,162114.0,16130100.0
"Jul 29, 2017",0.043029,0.043172,0.039646,0.040457,134770.0,14258100.0
"Jul 30, 2017",0.040601,0.041256,0.036838,0.036983,171782.0,13453500.0
"Jul 31, 2017",0.037038,0.040795,0.034212,0.040119,170369.0,12273000.0
"Aug 01, 2017",0.040065,0.043962,0.038614,0.042938,131761.0,13276100.0
"Aug 02, 2017",0.042974,0.043261,0.036196,0.037095,214016.0,14239900.0
"Aug 03, 2017",0.037148,0.043207,0.037148,0.04274,184450.0,12309200.0
"Aug 04, 2017",0.042495,0.049573,0.041461,0.045631,227356.0,14081200.0
"Aug 05, 2017",0.045618,0.049476,0.043686,0.046935,204410.0,15115900.0
"Aug 06, 2017",0.047191,0.048536,0.043188,0.046312,229951.0,15637100.0
"Aug 07, 2017",0.046321,0.048064,0.044256,0.046457,204981.0,15348900.0
"Aug 08, 2017",0.04694,0.052644,0.044366,0.052198,226418.0,15554200.0
"Aug 09, 2017",0.052323,0.056049,0.048409,0.051319,246016.0,17337800.0
"Aug 10, 2017",0.051353,0.052188,0.047799,0.049853,302963.0,17016400.0
"Aug 11, 2017",0.049818,0.072783,0.04969,0.072783,592336.0,16507600.0
"Aug 12, 2017",0.072632,0.090951,0.07198,0.079863,877962.0,24067200.0
"Aug 13, 2017",0.078771,0.082269,0.063931,0.069738,430177.0,26101700.0
"Aug 14, 2017",0.069079,0.087607,0.065711,0.081305,498969.0,22889900.0
"Aug 15, 2017",0.080206,0.080206,0.065947,0.066048,429865.0,26577200.0
"Aug 16, 2017",0.066074,0.080923,0.066074,0.076813,397194.0,21894400.0
"Aug 17, 2017",0.077019,0.083521,0.073436,0.0775,525135.0,25521100.0
"Aug 18, 2017",0.077096,0.077902,0.064119,0.064968,407756.0,25546500.0
"Aug 19, 2017",0.064717,0.078141,0.064618,0.075819,591940.0,21444500.0
"Aug 20, 2017",0.0756,0.080677,0.067192,0.074866,395666.0,25050800.0
"Aug 21, 2017",0.074829,0.077802,0.068696,0.072653,399254.0,24795200.0
"Aug 22, 2017",0.071898,0.072368,0.06414,0.070926,238959.0,23824200.0
