datum,zacetna,najnizja,najvisja,koncna,volumen,kapital
"Jul 24, 2017",0.084091,0.086962,0.073987,0.076513,48405700.0,291837000.0
"Jul 25, 2017",0.076343,0.077533,0.054538,0.059236,52165600.0,264948000.0
"Jul 26, 2017",0.058995,0.063107,0.051011,0.059232,51832700.0,204742000.0
"Jul 27, 2017",0.059606,0.060955,0.056349,0.058897,27039600.0,206861000.0
"Jul 28, 2017",0.058944,0.059565,0.053043,0.054009,17827200.0,204562000.0
"Jul 29, 2017",0.054089,0.054566,0.048771,0.053186,17077400.0,187715000.0
"Jul 30, 2017",0.053873,0.053976,0.050227,0.050664,8438260.0,186966000.0
"Jul 31, 2017",0.050636,0.057316,0.049297,0.054071,17412400.0,175730000.0
"Aug 01, 2017",0.05429,0.057061,0.05017,0.055008,23845300.0,188414000.0
"Aug 02, 2017",0.055131,0.056956,0.053739,0.054504,15754800.0,191330000.0
"Aug 03, 2017",0.054567,0.056025,0.052421,0.055674,15695800.0,189374000.0
"Aug 04, 2017",0.056059,0.058469,0.055694,0.057082,16038900.0,194551000.0
"Aug 05, 2017",0.056931,0.07118,0.055491,0.065476,37828900.0,197577000.0
"Aug 06, 2017",0.065791,0.067813,0.061447,0.061829,24237700.0,228325000.0
"Aug 07, 2017",0.061685,0.075956,0.060547,0.071303,40894300.0,214078000.0
"Aug 08, 2017",0.070957,0.0796,0.069076,0.072467,35787700.0,246253000.0
"Aug 09, 2017",0.072422,0.072753,0.064506,0.065306,18237500.0,251340000.0
"Aug 10, 2017",0.06508,0.071656,0.063417,0.065596,27412400.0,225861000.0
"Aug 11, 2017",0.065453,0.080925,0.064439,0.078307,58822600.0,227154000.0
"Aug 12, 2017",0.078238,0.078238,0.067853,0.068535,24574100.0,271523000.0
"Aug 13, 2017",0.068297,0.068297,0.062305,0.06395,21679300.0,237025000.0
"Aug 14, 2017",0.0639,0.065662,0.059116,0.061587,23224100.0,221765000.0
"Aug 15, 2017",0.061641,0.063317,0.056849,0.060837,19850100.0,213925000.0
"Aug 16, 2017",0.060768,0.06311,0.059068,0.059871,11186700.0,210895000.0
"Aug 17, 2017",0.059896,0.069432,0.05641,0.061191,22798200.0,207867000.0
"Aug 18, 2017",0.06094,0.061991,0.053693,0.054755,13896200.0,211490000.0
"Aug 19, 2017",0.054679,0.057561,0.048092,0.055106,12062400.0,189763000.0
"Aug 20, 2017",0.054544,0.055908,0.052646,0.055248,6738530.0,189293000.0
"Aug 21, 2017",0.054946,0.055899,0.05001,0.051012,9409920.0,190691000.0
"Aug 22, 2017",0.051049,0.051142,0.046337,0.050045,5745640.0,177165000.0
