datum,zacetna,najnizja,najvisja,koncna,volumen,kapital
2017-7-28,0.20584,0.21094,0.19658,0.2005,2617.0,0.0
2017-7-29,0.1999,0.202176,0.185387,0.200168,820.0,0.0
2017-7-30,0.197587,0.20598,0.18506,0.19822,3377.0,0.0
2017-7-31,0.214053,0.222915,0.214032,0.216468,216.0,0.0
2017-8-01,0.21316,0.28198,0.21308,0.27762,4873.0,0.0
2017-8-02,0.287357,0.439706,0.285737,0.375725,1262.0,0.0
2017-8-03,0.368931,0.377987,0.292015,0.305503,824.0,0.0
2017-8-04,0.319063,0.374196,0.315503,0.335215,850.0,0.0
2017-8-05,0.321333,0.368116,0.306087,0.327888,795.0,0.0
2017-8-06,0.29208,0.319407,0.260891,0.26251,2080.0,0.0
2017-8-07,0.271787,0.3079,0.265543,0.305101,4674.0,0.0
2017-8-08,0.305101,0.3077,0.273786,0.286721,1051.0,0.0
2017-8-09,0.286901,0.29474,0.2802,0.28464,313.0,0.0
2017-8-10,0.28386,0.28474,0.263103,0.264243,1503.0,0.0
2017-8-11,0.264123,0.269482,0.186902,0.25094,199.0,0.0
2017-8-12,0.25414,0.26156,0.227,0.23444,680.0,0.0
2017-8-13,0.21714,0.23992,0.21714,0.2375,6696.0,0.0
2017-8-14,0.24598,0.25366,0.20896,0.22014,11443.0,0.0
2017-8-15,0.20704,0.2366,0.174743,0.2191,552.0,0.0
2017-8-16,0.22214,0.23176,0.21586,0.21714,4018.0,0.0
2017-8-17,0.217,0.242682,0.21694,0.22148,1379.0,0.0
2017-8-18,0.21708,0.2188,0.2004,0.20238,1522.0,0.0
2017-8-19,0.20982,0.215961,0.1847,0.205401,664.0,0.0
2017-8-20,0.206781,0.231261,0.206781,0.23046,798.0,0.0
2017-8-21,0.2264,0.2264,0.20688,0.21656,2538.0,0.0
2017-8-22,0.20452,0.21968,0.2042,0.21628,1307.0,0.0
2017-8-23,0.21912,0.27852,0.21788,0.24724,935.0,0.0
2017-8-24,0.2459,0.2459,0.23788,0.243162,2217.0,0.0
2017-8-25,0.230343,0.233783,0.220503,0.22648,2302.0,0.0
2017-8-26,0.2259,0.2259,0.21112,0.22026,557.0,0.0
