datum,zacetna,najnizja,najvisja,koncna,volumen,kapital
2017-7-28,0.239902,0.244195,0.198716,0.209248,543605.0,19733400.0
2017-7-29,0.197924,0.211761,0.184592,0.211761,247641.0,16280500.0
2017-7-30,0.211362,0.211362,0.195068,0.196328,175323.0,17385800.0
2017-7-31,0.196358,0.208754,0.193626,0.19772,251474.0,16151700.0
2017-8-01,0.198245,0.250743,0.19643,0.238908,437312.0,16306900.0
2017-8-02,0.238904,0.285992,0.232178,0.253499,633821.0,19651300.0
2017-8-03,0.253952,0.263159,0.234852,0.254604,279604.0,20889100.0
2017-8-04,0.254562,0.267104,0.242176,0.253959,347113.0,20939300.0
2017-8-05,0.253845,0.2785,0.243825,0.267127,381266.0,20880400.0
2017-8-06,0.267585,0.273321,0.243908,0.244934,329126.0,22010600.0
2017-8-07,0.245658,0.342728,0.242624,0.302892,1414720.0,20206900.0
2017-8-08,0.297235,0.333905,0.294923,0.302237,1234630.0,24449500.0
2017-8-09,0.303381,0.329803,0.288662,0.321786,727090.0,24955000.0
2017-8-10,0.320391,0.371293,0.310355,0.321993,1984640.0,26354200.0
2017-8-11,0.320034,0.322166,0.290349,0.301353,857810.0,26324800.0
2017-8-12,0.302767,0.318426,0.263128,0.286366,1208120.0,24904500.0
2017-8-13,0.285085,0.309859,0.234284,0.258905,1447610.0,23450100.0
2017-8-14,0.25878,0.282712,0.22432,0.249902,825444.0,21286300.0
2017-8-15,0.249736,0.249736,0.21455,0.228792,654395.0,20542400.0
2017-8-16,0.231495,0.243555,0.223011,0.230301,335618.0,19041900.0
2017-8-17,0.230452,0.233819,0.206743,0.207125,424935.0,18956100.0
2017-8-18,0.206288,0.208813,0.183293,0.188226,464568.0,16968500.0
2017-8-19,0.187831,0.217309,0.179152,0.211405,372446.0,15450300.0
2017-8-20,0.204316,0.266933,0.195019,0.22472,881497.0,16806200.0
2017-8-21,0.223709,0.233587,0.203163,0.205225,445728.0,18401500.0
2017-8-22,0.204861,0.211154,0.179875,0.207639,497642.0,16851100.0
2017-8-23,0.207217,0.226571,0.198825,0.216696,352366.0,17044900.0
2017-8-24,0.216162,0.241932,0.216162,0.221514,400482.0,17780700.0
2017-8-25,0.221022,0.223943,0.203172,0.208477,316156.0,18180500.0
2017-8-26,0.20854,0.225994,0.206496,0.220896,241710.0,17153700.0
