datum,zacetna,najnizja,najvisja,koncna,volumen,kapital
2017-7-28,0.99606,1.01,0.990485,1.0,116290000.0,318242000.0
2017-7-29,0.999755,1.01,0.993449,0.996619,73768300.0,319423000.0
2017-7-30,0.996776,1.0,0.991188,0.998868,60213000.0,318471000.0
2017-7-31,1.0,1.01,0.995719,1.0,75184900.0,319512000.0
2017-8-01,1.0,1.02,0.988123,0.996819,170045000.0,320388000.0
2017-8-02,0.996581,1.01,0.985239,1.0,84592700.0,318409000.0
2017-8-03,1.0,1.01,0.955404,0.969304,57242700.0,320322000.0
2017-8-04,0.968452,1.01,0.966326,1.0,59432500.0,309422000.0
2017-8-05,1.0,1.03,0.991505,0.998314,173138000.0,320940000.0
2017-8-06,1.0,1.01,0.993119,1.0,103532000.0,320093000.0
2017-8-07,0.999468,1.01,0.990056,0.996254,110170000.0,319331000.0
2017-8-08,0.99422,1.01,0.989566,1.0,130482000.0,317655000.0
2017-8-09,0.999236,1.01,0.993707,1.0,140569000.0,319257000.0
2017-8-10,0.998799,1.01,0.988217,0.992991,91695000.0,319118000.0
2017-8-11,0.996635,1.01,0.988428,1.0,111829000.0,318426000.0
2017-8-12,1.0,1.01,0.995213,1.0,130896000.0,319785000.0
2017-8-13,1.0,1.02,0.980414,0.998616,198569000.0,319661000.0
2017-8-14,0.995682,1.01,0.990626,0.998163,125445000.0,318122000.0
2017-8-15,1.0,1.02,0.994513,1.0,213099000.0,319617000.0
2017-8-16,0.998963,1.01,0.991915,1.0,121473000.0,319170000.0
2017-8-17,1.0,1.01,0.98907,1.01,166152000.0,319712000.0
2017-8-18,1.01,1.03,0.984905,1.01,255272000.0,322035000.0
2017-8-19,1.01,1.04,0.980183,1.0,281633000.0,322030000.0
2017-8-20,0.997167,1.02,0.983909,0.996629,133754000.0,318596000.0
2017-8-21,0.999538,1.01,0.990459,0.999263,208830000.0,319354000.0
2017-8-22,1.0,1.02,0.990916,1.01,241915000.0,319888000.0
2017-8-23,1.0,1.01,0.991684,1.0,195159000.0,320872000.0
2017-8-24,0.999332,1.01,0.990714,1.0,132330000.0,319288000.0
2017-8-25,1.0,1.02,0.998112,1.0,116308000.0,321015000.0
2017-8-26,1.0,1.01,0.995768,0.998932,98081300.0,320776000.0
