datum,zacetna,najnizja,najvisja,koncna,volumen,kapital
"Jul 24, 2017",0.082626,0.083245,0.074476,0.080683,11627.0,2652760.0
"Jul 25, 2017",0.080675,0.082562,0.068465,0.071527,19784.0,2590110.0
"Jul 26, 2017",0.071559,0.074296,0.068201,0.070495,5465.0,2297460.0
"Jul 27, 2017",0.070695,0.074998,0.067443,0.072877,26694.0,2269690.0
"Jul 28, 2017",0.073098,0.076256,0.066897,0.069576,11999.0,2346870.0
"Jul 29, 2017",0.069312,0.071792,0.064207,0.069121,5596.0,2225300.0
"Jul 30, 2017",0.069111,0.069574,0.062231,0.065761,297.0,2218860.0
"Jul 31, 2017",0.065829,0.06907,0.061387,0.063827,7471.0,2113470.0
"Aug 01, 2017",0.063858,0.069536,0.053602,0.065489,9222.0,2050200.0
"Aug 02, 2017",0.065477,0.070035,0.055725,0.05957,12275.0,2102160.0
"Aug 03, 2017",0.059677,0.078734,0.05742,0.071978,12427.0,1915960.0
"Aug 04, 2017",0.07196,0.076849,0.069052,0.069711,7850.0,2310330.0
"Aug 05, 2017",0.06968,0.08259,0.067666,0.076151,8598.0,2237130.0
"Aug 06, 2017",0.076169,0.082406,0.070613,0.078199,7469.0,2445460.0
"Aug 07, 2017",0.078024,0.086542,0.070504,0.086232,15939.0,2505010.0
"Aug 08, 2017",0.085641,0.099736,0.078093,0.083097,66981.0,2749550.0
"Aug 09, 2017",0.083041,0.086184,0.077278,0.079622,12520.0,2666090.0
"Aug 10, 2017",0.07963,0.11771,0.079146,0.086433,156969.0,2556570.0
"Aug 11, 2017",0.087487,0.139717,0.08543,0.104372,162800.0,2808810.0
"Aug 12, 2017",0.10429,0.112231,0.096661,0.100848,59121.0,3348300.0
"Aug 13, 2017",0.100755,0.109574,0.095038,0.097425,19948.0,3234790.0
"Aug 14, 2017",0.097487,0.109477,0.096762,0.104994,16703.0,3129890.0
"Aug 15, 2017",0.105277,0.117315,0.093843,0.110699,52137.0,3379980.0
"Aug 16, 2017",0.110821,0.173538,0.106441,0.130996,154543.0,3557980.0
"Aug 17, 2017",0.134211,0.424571,0.131857,0.424571,1392160.0,4308920.0
"Aug 18, 2017",0.381289,0.436739,0.196927,0.212058,4812960.0,12241500.0
"Aug 19, 2017",0.235666,0.254645,0.182198,0.183041,523738.0,7566180.0
"Aug 20, 2017",0.183016,0.253796,0.162711,0.185087,441567.0,5875830.0
"Aug 21, 2017",0.184385,0.192618,0.132254,0.152602,257580.0,5919790.0
"Aug 22, 2017",0.153116,0.22237,0.129009,0.176756,524442.0,4915870.0
