datum,zacetna,najnizja,najvisja,koncna,volumen,kapital
2017-8-22,0.239862,0.255482,0.225161,0.252281,7478420.0,0.0
2017-8-23,0.263492,0.323096,0.261051,0.279839,10956900.0,0.0
2017-8-24,0.276288,0.297604,0.238689,0.252909,6074270.0,0.0
2017-8-25,0.253048,0.253048,0.238451,0.242978,3718990.0,0.0
2017-8-26,0.242978,0.243837,0.229546,0.234058,3459540.0,0.0
