datum,zacetna,najnizja,najvisja,koncna,volumen,kapital
"Jul 24, 2017",0.843889,1.06,0.842009,1.01,339097.0,28177900.0
"Jul 25, 2017",1.01,1.09,0.834212,0.863238,155723.0,33766700.0
"Jul 26, 2017",0.865305,0.940778,0.814314,0.900692,188817.0,28893000.0
"Jul 27, 2017",0.903663,1.06,0.897802,0.934519,299019.0,30173800.0
"Jul 28, 2017",0.936666,0.961541,0.89716,0.92332,241569.0,31275800.0
"Jul 29, 2017",0.920951,0.924224,0.830604,0.887938,110530.0,30751000.0
"Jul 30, 2017",0.888122,0.9546,0.812759,0.908592,159971.0,29654800.0
"Jul 31, 2017",0.90951,0.90951,0.830667,0.900082,142012.0,30369000.0
"Aug 01, 2017",0.902819,0.931819,0.860878,0.907693,130232.0,30145600.0
"Aug 02, 2017",0.906877,0.919817,0.810641,0.877184,163289.0,30281100.0
"Aug 03, 2017",0.878488,0.999902,0.869663,0.933809,258698.0,29333200.0
"Aug 04, 2017",0.931733,0.977371,0.880304,0.91859,188840.0,31111000.0
"Aug 05, 2017",0.915858,1.09,0.798846,1.02,308433.0,30580900.0
"Aug 06, 2017",1.01,1.09,0.92308,0.9921,159584.0,33746200.0
"Aug 07, 2017",0.992408,1.07,0.962145,1.05,168059.0,33137000.0
"Aug 08, 2017",1.05,1.08,0.985456,1.06,177803.0,35158700.0
"Aug 09, 2017",1.06,1.13,1.05,1.12,156219.0,35468100.0
"Aug 10, 2017",1.11,1.17,1.1,1.17,146650.0,37178500.0
"Aug 11, 2017",1.17,1.2,1.13,1.14,186655.0,38900400.0
"Aug 12, 2017",1.14,1.27,1.05,1.09,377206.0,37942000.0
"Aug 13, 2017",1.09,1.1,0.931212,0.950948,268827.0,36369600.0
"Aug 14, 2017",0.954514,1.03,0.783605,0.949046,315360.0,31871700.0
"Aug 15, 2017",0.95078,0.98613,0.835568,0.875147,193904.0,31747000.0
"Aug 16, 2017",0.876299,1.07,0.872632,1.05,370142.0,29260000.0
"Aug 17, 2017",1.05,1.07,0.886766,1.07,375000.0,35166300.0
"Aug 18, 2017",1.02,1.06,0.919677,0.931091,195760.0,34094700.0
"Aug 19, 2017",0.92955,1.04,0.850419,0.998979,249381.0,31038100.0
"Aug 20, 2017",0.997239,1.06,0.943801,1.04,219888.0,33298300.0
"Aug 21, 2017",1.04,1.04,0.947008,1.02,205429.0,34818700.0
"Aug 22, 2017",1.02,1.02,0.871176,0.932317,196588.0,33975400.0
