datum,zacetna,najnizja,najvisja,koncna,volumen,kapital
"Jul 24, 2017",0.080398,0.088048,0.052221,0.074789,99045.0,4710210.0
"Jul 25, 2017",0.074794,0.078892,0.060438,0.068919,81353.0,13687300.0
"Jul 26, 2017",0.069499,0.073098,0.061096,0.066832,44502.0,12718300.0
"Jul 27, 2017",0.066983,0.076527,0.066833,0.075685,29996.0,12258000.0
"Jul 28, 2017",0.075873,0.079041,0.061655,0.064286,52290.0,13884800.0
"Jul 29, 2017",0.064309,0.075124,0.060466,0.070465,14483.0,11768500.0
"Jul 30, 2017",0.071253,0.074793,0.06684,0.068793,42768.0,13039200.0
"Jul 31, 2017",0.068855,0.074096,0.065656,0.071001,18705.0,12600500.0
"Aug 01, 2017",0.071025,0.080369,0.06562,0.079506,26209.0,12997500.0
"Aug 02, 2017",0.079543,0.081441,0.068204,0.072,30321.0,14556300.0
"Aug 03, 2017",0.072109,0.079723,0.068041,0.07536,24363.0,13195900.0
"Aug 04, 2017",0.07393,0.081617,0.068334,0.073843,44503.0,13529200.0
"Aug 05, 2017",0.073752,0.092337,0.073279,0.087137,43933.0,13496600.0
"Aug 06, 2017",0.087156,0.113757,0.082274,0.097897,53971.0,15949500.0
"Aug 07, 2017",0.097793,0.103388,0.083779,0.095637,78333.0,17896000.0
"Aug 08, 2017",0.095745,0.104421,0.090247,0.094762,47391.0,17521400.0
"Aug 09, 2017",0.094718,0.099324,0.08286,0.085085,47388.0,17333400.0
"Aug 10, 2017",0.085041,0.093421,0.084489,0.092865,43290.0,15562600.0
"Aug 11, 2017",0.092862,0.092966,0.054798,0.088264,117426.0,16993800.0
"Aug 12, 2017",0.088144,0.105934,0.080753,0.105765,128603.0,16130300.0
"Aug 13, 2017",0.10567,0.109283,0.090086,0.09359,130489.0,19337600.0
"Aug 14, 2017",0.099496,0.111228,0.092964,0.101696,125851.0,18207700.0
"Aug 15, 2017",0.101938,0.107544,0.094491,0.103673,130638.0,18654700.0
"Aug 16, 2017",0.103779,0.11675,0.098114,0.109902,80301.0,18991600.0
"Aug 17, 2017",0.109819,0.124461,0.108285,0.117214,100551.0,20096800.0
"Aug 18, 2017",0.119964,0.122155,0.10401,0.115635,71481.0,21953400.0
"Aug 19, 2017",0.115582,0.117625,0.092613,0.111098,101703.0,21151600.0
"Aug 20, 2017",0.110607,0.115497,0.097657,0.099443,81129.0,20241200.0
"Aug 21, 2017",0.099048,0.105981,0.093393,0.093393,101263.0,18125700.0
"Aug 22, 2017",0.093701,0.109954,0.08212,0.082777,52775.0,17147300.0
