datum,zacetna,najnizja,najvisja,koncna,volumen,kapital
2017-8-08,0.000219,0.000374,0.000212,0.000321,2598.0,0.0
2017-8-09,0.000321,0.000395,0.000257,0.000387,7213.0,0.0
2017-8-10,0.000387,0.00047,0.000278,0.000312,19331.0,0.0
2017-8-11,0.000253,0.00039,0.000253,0.000372,3604.0,0.0
2017-8-12,0.000372,0.000403,0.000263,0.000349,3081.0,0.0
2017-8-13,0.000348,0.000371,0.000229,0.000241,997.0,0.0
2017-8-14,0.000241,0.000299,0.000199,0.000268,1945.0,0.0
2017-8-15,0.000268,0.000303,0.000217,0.000266,761.0,0.0
2017-8-16,0.000267,0.000269,0.000165,0.000207,289.0,0.0
2017-8-17,0.000207,0.000312,0.000178,0.00022,452.0,0.0
2017-8-18,0.00022,0.000299,0.00021,0.000252,540.0,0.0
2017-8-19,0.000252,0.000265,0.000208,0.000208,73.0,0.0
2017-8-20,0.000208,0.000249,0.000202,0.000205,7.0,0.0
2017-8-21,0.000204,0.000243,0.000159,0.000194,165.0,0.0
2017-8-22,0.000195,0.000205,0.000151,0.000205,37.0,0.0
2017-8-23,0.000204,0.000247,0.000164,0.000166,629.0,0.0
2017-8-24,0.000166,0.000218,0.000165,0.000217,14.0,0.0
2017-8-25,0.000216,0.000235,0.00018,0.000234,24.0,0.0
2017-8-26,0.000235,0.000235,0.000204,0.000217,105.0,0.0
