datum,zacetna,najnizja,najvisja,koncna,volumen,kapital
"Jul 24, 2017",0.230001,0.238594,0.218918,0.233121,110135.0,29235700.0
"Jul 25, 2017",0.23332,0.236805,0.20491,0.218845,130643.0,29657500.0
"Jul 26, 2017",0.220482,0.224311,0.206308,0.215102,154934.0,28025600.0
"Jul 27, 2017",0.216585,0.225457,0.213317,0.218325,53239.0,27530300.0
"Jul 28, 2017",0.225687,0.242454,0.222047,0.226616,127774.0,28687300.0
"Jul 29, 2017",0.227372,0.231371,0.210224,0.21566,106209.0,28901500.0
"Jul 30, 2017",0.209757,0.218371,0.197388,0.215819,117545.0,26662400.0
"Jul 31, 2017",0.21627,0.228024,0.209579,0.222309,154542.0,27490300.0
"Aug 01, 2017",0.220655,0.230065,0.203949,0.217791,168754.0,28047600.0
"Aug 02, 2017",0.21818,0.226146,0.194737,0.213039,240892.0,27733000.0
"Aug 03, 2017",0.207243,0.230917,0.207243,0.224696,183411.0,26342800.0
"Aug 04, 2017",0.218442,0.227037,0.211896,0.21584,106220.0,27766300.0
"Aug 05, 2017",0.220372,0.235214,0.205902,0.211443,175340.0,28011700.0
"Aug 06, 2017",0.210617,0.228304,0.200983,0.209744,142668.0,26771700.0
"Aug 07, 2017",0.206697,0.220921,0.201203,0.206265,136695.0,26273400.0
"Aug 08, 2017",0.206031,0.210673,0.173454,0.182105,176765.0,26188700.0
"Aug 09, 2017",0.184492,0.199717,0.180777,0.193937,108012.0,23450900.0
"Aug 10, 2017",0.190191,0.191797,0.169668,0.172028,107766.0,24175300.0
"Aug 11, 2017",0.18353,0.192792,0.172435,0.185651,137634.0,23328600.0
"Aug 12, 2017",0.186681,0.196695,0.172854,0.178678,106569.0,23729100.0
"Aug 13, 2017",0.177141,0.190793,0.157471,0.167515,154653.0,22516500.0
"Aug 14, 2017",0.166798,0.2455,0.160475,0.191978,374031.0,21201700.0
"Aug 15, 2017",0.205039,0.205039,0.146583,0.176913,210820.0,26062600.0
"Aug 16, 2017",0.171809,0.337072,0.171809,0.24028,1763130.0,21838700.0
"Aug 17, 2017",0.240482,0.285694,0.199718,0.200238,570016.0,30567800.0
"Aug 18, 2017",0.201024,0.205915,0.160231,0.167344,152540.0,25552300.0
"Aug 19, 2017",0.168404,0.17918,0.15986,0.17059,111200.0,21405900.0
"Aug 20, 2017",0.16823,0.197117,0.163848,0.177328,177855.0,21383800.0
"Aug 21, 2017",0.175936,0.179949,0.161315,0.161889,151523.0,22363300.0
"Aug 22, 2017",0.162643,0.176959,0.129595,0.162546,96134.0,20673600.0
