datum,zacetna,najnizja,najvisja,koncna,volumen,kapital
"Jul 24, 2017",0.003731,0.004124,0.003179,0.003262,27852.0,394042.0
"Jul 25, 2017",0.003301,0.003504,0.002972,0.002998,6026.0,348618.0
"Jul 26, 2017",0.002999,0.003,0.002386,0.002729,980.0,316709.0
"Jul 27, 2017",0.00273,0.00323,0.002188,0.002267,2165.0,288305.0
"Jul 28, 2017",0.002293,0.003102,0.002196,0.002292,3717.0,242189.0
"Jul 29, 2017",0.002365,0.002492,0.001761,0.002092,4938.0,249796.0
"Jul 30, 2017",0.002111,0.002212,0.001773,0.002019,1511.0,222944.0
"Jul 31, 2017",0.002019,0.002327,0.001677,0.002312,3201.0,213287.0
"Aug 01, 2017",0.00232,0.002553,0.001915,0.001951,710.0,245032.0
"Aug 02, 2017",0.00195,0.002084,0.001643,0.001687,2537.0,206004.0
"Aug 03, 2017",0.001695,0.002002,0.001585,0.001847,1381.0,178983.0
"Aug 04, 2017",0.00185,0.002098,0.001647,0.001683,1628.0,195370.0
"Aug 05, 2017",0.00169,0.002047,0.001594,0.001997,1015.0,178489.0
"Aug 06, 2017",0.002026,0.002064,0.001781,0.002064,740.0,213961.0
"Aug 07, 2017",0.00205,0.021957,0.001872,0.001878,2433.0,216467.0
"Aug 08, 2017",0.001905,0.002499,0.001722,0.002085,3406.0,201173.0
"Aug 09, 2017",0.001942,0.007436,0.001724,0.006123,9307.0,205106.0
"Aug 10, 2017",0.006115,0.008332,0.002232,0.003348,10818.0,645821.0
"Aug 11, 2017",0.003347,0.005147,0.002235,0.003876,10394.0,353558.0
"Aug 12, 2017",0.00387,0.003916,0.002447,0.002621,6145.0,408764.0
"Aug 13, 2017",0.002608,0.003881,0.002012,0.003333,11008.0,275449.0
"Aug 14, 2017",0.003335,0.00361,0.00207,0.002121,7039.0,352254.0
"Aug 15, 2017",0.002126,0.002934,0.001205,0.00251,11090.0,224506.0
"Aug 16, 2017",0.002528,0.002699,0.001519,0.002699,18606.0,266995.0
"Aug 17, 2017",0.002696,0.002726,0.001923,0.002139,2294.0,284800.0
"Aug 18, 2017",0.002113,0.002183,0.001792,0.002161,1334.0,223129.0
"Aug 19, 2017",0.002156,0.002203,0.00191,0.002022,1382.0,227744.0
"Aug 20, 2017",0.002015,0.002219,0.001866,0.001921,2584.0,212786.0
"Aug 21, 2017",0.00202,0.002159,0.001872,0.001883,1088.0,213383.0
"Aug 22, 2017",0.001896,0.002114,0.001735,0.00184,815.0,200217.0
