datum,zacetna,najnizja,najvisja,koncna,volumen,kapital
2017-8-19,0.101731,0.123073,0.099998,0.123073,8194.0,0.0
2017-8-20,0.123073,0.123319,0.091396,0.103308,3128.0,0.0
2017-8-21,0.103308,0.110615,0.098573,0.09944,6864.0,0.0
2017-8-22,0.09944,0.1295,0.091667,0.127805,2410.0,0.0
2017-8-23,0.127805,0.127805,0.092817,0.098774,13465.0,0.0
2017-8-24,0.098756,0.098756,0.071092,0.071114,19785.0,0.0
2017-8-25,0.071104,0.087612,0.071104,0.081215,10712.0,0.0
2017-8-26,0.081235,0.084565,0.072132,0.08289,11164.0,0.0
